elapsed_s,gtt_mb,vram_mb,combined_mb
0,30767,244,31011
1,30767,245,31012
1,30768,245,31013
2,30768,245,31013
2,30768,245,31013
3,30768,245,31013
3,30768,245,31013
4,30768,245,31013
4,30768,245,31013
5,30768,245,31013
5,30768,245,31013
6,30768,245,31013
6,30768,245,31013
7,30768,245,31013
7,30768,245,31013
8,30768,245,31013
8,30768,245,31013
9,30768,245,31013
9,30768,245,31013
10,30768,245,31013
10,30768,245,31013
11,30768,245,31013
11,30768,245,31013
12,30768,245,31013
12,30768,245,31013
13,30768,245,31013
13,30768,245,31013
14,30768,245,31013
14,30770,245,31015
15,30770,245,31015
15,30770,245,31015
16,30770,245,31015
16,30770,245,31015
17,30770,245,31015
17,30770,245,31015
18,30770,245,31015
18,30770,245,31015
19,30770,245,31015
19,30770,245,31015
20,30770,245,31015
20,30770,245,31015
21,30770,245,31015
21,30770,245,31015
22,30770,245,31015
22,30770,245,31015
23,30770,245,31015
23,30770,245,31015
24,30770,245,31015
24,30770,245,31015
25,30770,245,31015
25,30770,245,31015
26,30770,245,31015
26,30770,245,31015
27,30770,245,31015
27,30770,245,31015
28,30770,245,31015
28,30770,245,31015
29,30770,245,31015
29,30770,245,31015
30,30770,245,31015
30,30770,245,31015
31,30770,245,31015
32,30770,245,31015
32,30770,245,31015
33,30770,245,31015
33,30770,245,31015
34,30770,245,31015
34,30770,245,31015
35,30770,245,31015
35,30770,245,31015
36,30770,245,31015
36,30770,245,31015
37,30770,245,31015
37,30770,245,31015
38,30770,245,31015
38,30770,245,31015
39,30770,245,31015
39,30770,245,31015
40,30770,245,31015
40,30770,245,31015
41,30770,245,31015
41,30770,245,31015
42,30770,245,31015
42,30770,245,31015
43,30770,245,31015
43,30770,245,31015
44,30770,245,31015
44,30770,245,31015
45,30770,245,31015
45,30770,245,31015
46,30770,245,31015
46,30770,245,31015
47,30770,245,31015
47,30770,245,31015
48,30770,245,31015
48,30770,245,31015
49,30770,245,31015
49,30770,245,31015
50,30770,245,31015
50,30770,245,31015
51,30770,245,31015
51,30770,245,31015
52,30770,245,31015
52,30770,245,31015
53,30770,245,31015
53,30770,245,31015
54,30770,245,31015
54,30770,245,31015
55,30770,245,31015
55,30770,245,31015
56,30770,245,31015
56,30770,245,31015
57,30770,245,31015
57,30770,245,31015
58,30770,245,31015
58,30770,245,31015
59,30770,245,31015
59,30770,245,31015
60,30770,245,31015
60,30770,245,31015
61,30770,245,31015
61,30770,245,31015
62,30770,245,31015
62,30770,245,31015
63,30770,245,31015
63,30770,245,31015
64,30770,245,31015
64,30770,245,31015
65,30770,245,31015
66,30770,245,31015
66,30770,245,31015
67,30770,245,31015
67,30770,245,31015
68,30770,245,31015
68,30770,245,31015
69,30770,245,31015
69,30770,245,31015
70,30770,245,31015
70,30770,245,31015
71,30770,245,31015
71,30770,245,31015
72,30770,245,31015
72,30770,245,31015
73,30770,245,31015
73,30770,245,31015
74,30770,245,31015
74,30770,245,31015
75,30770,245,31015
75,30770,245,31015
76,30770,245,31015
76,30770,245,31015
77,30770,245,31015
77,30770,245,31015
78,30770,245,31015
78,30770,245,31015
79,30770,245,31015
79,30770,245,31015
80,30770,245,31015
80,30770,245,31015
81,30770,245,31015
81,30770,245,31015
82,30770,245,31015
82,30770,245,31015
83,30770,245,31015
83,30770,245,31015
84,30770,245,31015
84,30770,245,31015
85,30770,245,31015
85,30770,245,31015
86,30770,245,31015
86,30770,245,31015
87,30770,245,31015
87,30770,245,31015
88,30770,245,31015
88,30770,245,31015
89,30770,245,31015
89,30770,245,31015
90,30770,245,31015
90,30770,245,31015
91,30770,245,31015
91,30770,245,31015
92,30770,245,31015
92,30770,245,31015
93,30770,245,31015
93,30770,245,31015
94,30770,245,31015
94,30770,245,31015
95,30770,245,31015
95,30770,245,31015
96,30770,245,31015
96,30770,245,31015
97,30770,245,31015
97,30770,245,31015
98,30770,245,31015
98,30770,245,31015
99,30770,245,31015
99,30770,245,31015
100,30770,245,31015
100,30770,245,31015
101,30770,245,31015
102,30770,245,31015
102,30770,245,31015
103,30770,245,31015
103,30770,245,31015
104,30770,245,31015
104,30770,245,31015
105,30770,245,31015
105,30770,245,31015
106,30770,245,31015
106,30770,245,31015
107,30770,245,31015
107,30770,245,31015
108,30770,245,31015
108,30770,245,31015
109,30770,245,31015
109,30770,245,31015
110,30770,245,31015
110,30770,245,31015
111,30770,245,31015
111,30770,245,31015
112,30770,245,31015
112,30770,245,31015
113,30770,245,31015
113,30770,245,31015
114,30770,245,31015
114,30770,245,31015
115,30770,245,31015
115,30770,245,31015
116,30770,245,31015
116,30770,245,31015
117,30770,245,31015
117,30770,245,31015
118,30770,245,31015
118,30770,245,31015
119,30770,245,31015
119,30770,245,31015
120,30770,245,31015
120,30770,245,31015
121,30770,245,31015
121,30770,245,31015
122,30770,245,31015
122,30770,245,31015
123,30770,245,31015
123,30770,245,31015
124,30770,245,31015
124,30770,245,31015
125,30770,245,31015
125,30770,245,31015
126,30770,245,31015
126,30770,245,31015
127,30770,245,31015
127,30770,245,31015
128,30770,245,31015
128,30770,245,31015
129,30770,245,31015
129,30770,245,31015
130,30770,245,31015
130,30770,245,31015
131,30770,245,31015
131,30770,245,31015
132,30770,245,31015
132,30770,245,31015
133,30770,245,31015
133,30770,245,31015
134,30770,245,31015
134,30770,245,31015
135,30770,245,31015
135,30770,245,31015
136,30770,245,31015
136,30770,245,31015
137,30770,245,31015
137,30770,245,31015
138,30770,245,31015
138,30770,245,31015
139,30770,245,31015
140,30770,245,31015
140,30770,245,31015
141,30770,245,31015
141,30770,245,31015
142,30770,245,31015
142,30770,245,31015
143,30770,245,31015
143,30770,245,31015
144,30770,245,31015
144,30770,245,31015
145,30770,245,31015
145,30770,245,31015
146,30770,245,31015
146,30770,245,31015
147,30770,245,31015
147,30770,245,31015
148,30770,245,31015
148,30770,245,31015
149,30770,245,31015
149,30770,245,31015
150,30770,245,31015
150,30770,245,31015
151,30770,245,31015
151,30770,245,31015
152,30770,245,31015
152,30770,245,31015
153,30770,245,31015
153,30770,245,31015
154,30770,245,31015
154,30770,245,31015
155,30770,245,31015
155,30770,245,31015
156,30770,245,31015
156,30770,245,31015
157,30770,245,31015
157,30770,245,31015
158,30770,245,31015
158,30770,245,31015
159,30770,245,31015
159,30770,245,31015
160,30770,245,31015
160,30770,245,31015
161,30770,245,31015
161,30770,245,31015
162,30770,245,31015
162,30770,245,31015
163,30770,245,31015
163,30770,245,31015
164,30770,245,31015
164,30770,245,31015
165,30770,245,31015
165,30770,245,31015
166,30770,245,31015
166,30770,245,31015
167,30770,245,31015
167,30770,245,31015
168,30770,245,31015
168,30770,245,31015
169,30770,245,31015
169,30770,245,31015
170,30770,245,31015
170,30770,245,31015
171,30770,245,31015
171,30770,245,31015
172,30770,245,31015
172,30770,245,31015
173,30770,245,31015
173,30770,245,31015
174,30770,245,31015
174,30770,245,31015
175,30770,245,31015
175,30770,245,31015
176,30770,245,31015
176,30770,245,31015
177,30770,245,31015
178,30770,245,31015
178,30770,245,31015
179,30770,245,31015
179,30770,245,31015
180,30770,245,31015
180,30770,245,31015
181,30770,245,31015
181,30770,245,31015
182,30770,245,31015
182,30770,245,31015
183,30770,245,31015
183,30770,245,31015
184,30770,245,31015
184,30770,245,31015
185,30770,245,31015
185,30770,245,31015
186,30770,245,31015
186,30770,245,31015
187,30770,245,31015
187,30770,245,31015
188,30770,245,31015
188,30770,245,31015
189,30770,245,31015
189,30770,245,31015
190,30770,245,31015
190,30770,245,31015
191,30770,245,31015
191,30770,245,31015
192,30770,245,31015
192,30770,245,31015
193,30770,245,31015
193,30770,245,31015
194,30770,245,31015
194,30770,245,31015
195,30770,245,31015
195,30770,245,31015
196,30770,245,31015
196,30770,245,31015
197,30770,245,31015
197,30770,245,31015
198,30770,245,31015
198,30770,245,31015
199,30770,245,31015
199,30770,245,31015
200,30770,245,31015
200,30770,245,31015
201,30770,245,31015
201,30770,245,31015
202,30770,245,31015
202,30770,245,31015
203,30770,245,31015
203,30770,245,31015
204,30770,245,31015
204,30770,245,31015
205,30770,245,31015
205,30770,245,31015
206,30770,245,31015
206,30770,245,31015
207,30770,245,31015
207,30770,245,31015
208,30770,245,31015
208,30770,245,31015
209,30770,245,31015
209,30770,245,31015
210,30770,245,31015
210,30770,245,31015
211,30770,245,31015
211,30770,245,31015
212,30770,245,31015
212,30770,245,31015
213,30770,245,31015
213,30770,245,31015
214,30770,245,31015
215,30770,245,31015
215,30770,245,31015
216,30770,245,31015
216,30770,245,31015
217,30770,245,31015
217,30770,245,31015
218,30770,245,31015
218,30770,245,31015
219,30770,245,31015
219,30770,245,31015
220,30770,245,31015
220,30770,245,31015
221,30770,245,31015
221,30770,245,31015
222,30770,245,31015
222,30770,245,31015
223,30770,245,31015
223,30770,245,31015
224,30770,245,31015
224,30770,245,31015
225,30770,245,31015
225,30770,245,31015
226,30770,245,31015
226,30770,245,31015
227,30770,245,31015
227,30770,245,31015
228,30770,245,31015
228,30770,245,31015
229,30770,245,31015
229,30770,245,31015
230,30770,245,31015
230,30770,245,31015
231,30770,245,31015
231,30770,245,31015
232,30770,245,31015
232,30770,245,31015
233,30770,245,31015
233,30770,245,31015
234,30770,245,31015
234,30770,245,31015
235,30770,245,31015
235,30770,245,31015
236,30770,245,31015
236,30770,245,31015
237,30770,245,31015
237,30770,245,31015
238,30770,245,31015
238,30770,245,31015
239,30770,245,31015
239,30770,245,31015
240,30770,245,31015
240,30770,245,31015
241,30770,245,31015
241,30770,245,31015
242,30770,245,31015
242,30770,245,31015
243,30770,245,31015
243,30770,245,31015
244,30770,245,31015
244,30770,245,31015
245,30770,245,31015
245,30770,245,31015
246,30770,245,31015
246,30770,245,31015
247,30770,245,31015
248,30770,245,31015
248,30770,245,31015
249,30770,245,31015
249,30770,245,31015
250,30770,245,31015
250,30770,245,31015
251,30770,245,31015
251,30770,245,31015
252,30770,245,31015
252,30770,245,31015
253,30770,245,31015
253,30770,245,31015
254,30770,245,31015
254,30770,245,31015
255,30770,245,31015
255,30770,245,31015
256,30770,245,31015
256,30770,245,31015
257,30770,245,31015
257,30770,245,31015
258,30770,245,31015
258,30770,245,31015
259,30770,245,31015
259,30770,245,31015
260,30770,245,31015
260,30770,245,31015
261,30770,245,31015
261,30770,245,31015
262,30770,245,31015
262,30770,245,31015
263,30770,245,31015
263,30770,245,31015
264,30770,245,31015
264,30770,245,31015
265,30770,245,31015
265,30770,245,31015
266,30770,245,31015
266,30770,245,31015
267,30770,245,31015
267,30770,245,31015
268,30770,245,31015
268,30770,245,31015
269,30770,245,31015
269,30770,245,31015
270,30770,245,31015
270,30770,245,31015
271,30770,245,31015
271,30770,245,31015
272,30770,245,31015
272,30770,245,31015
273,30770,245,31015
273,30770,245,31015
274,30770,245,31015
274,30770,245,31015
275,30770,245,31015
275,30770,245,31015
276,30770,245,31015
276,30770,245,31015
277,30770,245,31015
277,30770,245,31015
278,30770,245,31015
278,30770,245,31015
279,30770,245,31015
279,30770,245,31015
280,30770,245,31015
280,30770,245,31015
281,30770,245,31015
281,30770,245,31015
282,30770,245,31015
282,30770,245,31015
283,30770,245,31015
283,30770,245,31015
284,30770,245,31015
284,30770,245,31015
285,30770,245,31015
286,30770,245,31015
286,30770,245,31015
287,30770,245,31015
287,30770,245,31015
288,30770,245,31015
288,30770,245,31015
289,30770,245,31015
289,30770,245,31015
290,30770,245,31015
290,30770,245,31015
291,30770,245,31015
291,30770,245,31015
292,30770,245,31015
292,30770,245,31015
293,30770,245,31015
293,30770,245,31015
294,30770,245,31015
294,30770,245,31015
295,30770,245,31015
295,30770,245,31015
296,30770,245,31015
296,30770,245,31015
297,30770,245,31015
297,30770,245,31015
298,30770,245,31015
298,30770,245,31015
299,30770,245,31015
299,30770,245,31015
300,30770,245,31015
300,30770,245,31015
301,30770,245,31015
301,30770,245,31015
302,30770,245,31015
302,30770,245,31015
303,30770,245,31015
303,30770,245,31015
304,30770,245,31015
304,30770,245,31015
305,30770,245,31015
305,30770,245,31015
306,30770,245,31015
306,30770,245,31015
307,30770,245,31015
307,30770,245,31015
308,30770,245,31015
308,30770,245,31015
309,30770,245,31015
309,30770,245,31015
310,30770,245,31015
310,30770,245,31015
311,30770,245,31015
311,30770,245,31015
312,30770,245,31015
312,30770,245,31015
313,30770,245,31015
313,30770,245,31015
314,30770,245,31015
314,30770,245,31015
315,30770,245,31015
315,30770,245,31015
316,30770,245,31015
316,30770,245,31015
317,30770,245,31015
317,30770,245,31015
318,30770,245,31015
318,30770,245,31015
319,30770,245,31015
319,30770,245,31015
320,30770,245,31015
320,30770,245,31015
321,30770,245,31015
321,30770,245,31015
322,30770,245,31015
322,30770,245,31015
323,30770,245,31015
324,30770,245,31015
324,30770,245,31015
325,30770,245,31015
325,30770,245,31015
326,30770,245,31015
326,30770,245,31015
327,30770,245,31015
327,30770,245,31015
328,30770,245,31015
328,30770,245,31015
329,30770,245,31015
329,30770,245,31015
330,30770,245,31015
330,30770,245,31015
331,30770,245,31015
331,30770,245,31015
332,30770,245,31015
332,30770,245,31015
333,30770,245,31015
333,30770,245,31015
334,30770,245,31015
334,30770,245,31015
335,30770,245,31015
335,30770,245,31015
336,30770,245,31015
336,30770,245,31015
337,30770,245,31015
337,30770,245,31015
338,30770,245,31015
338,30770,245,31015
339,30770,245,31015
339,30770,245,31015
340,30770,245,31015
340,30770,245,31015
341,30770,245,31015
341,30770,245,31015
342,30770,245,31015
342,30770,245,31015
343,30770,245,31015
343,30770,245,31015
344,30770,245,31015
344,30770,245,31015
345,30770,245,31015
345,30770,245,31015
346,30770,245,31015
346,30770,245,31015
347,30770,245,31015
347,30770,245,31015
348,30770,245,31015
348,30770,245,31015
349,30770,245,31015
349,30770,245,31015
350,30770,245,31015
350,30770,245,31015
351,30770,245,31015
351,30770,245,31015
352,30770,245,31015
352,30770,245,31015
353,30770,245,31015
353,30770,245,31015
354,30770,245,31015
354,30770,245,31015
355,30770,245,31015
355,30770,245,31015
356,30770,245,31015
356,30770,245,31015
357,30770,245,31015
357,30770,245,31015
358,30770,245,31015
358,30770,245,31015
359,30770,245,31015
360,30770,245,31015
360,30770,245,31015
361,30770,245,31015
361,30770,245,31015
362,30770,245,31015
362,30770,245,31015
363,30770,245,31015
363,30770,245,31015
364,30770,245,31015
364,30770,245,31015
365,30770,245,31015
365,30770,245,31015
366,30770,245,31015
366,30770,245,31015
367,30770,245,31015
367,30770,245,31015
368,30770,245,31015
368,30770,245,31015
369,30770,245,31015
369,30770,245,31015
370,30770,245,31015
370,30770,245,31015
371,30770,245,31015
371,30770,245,31015
372,30770,245,31015
372,30770,245,31015
373,30770,245,31015
373,30770,245,31015
374,30770,245,31015
374,30770,245,31015
375,30770,245,31015
375,30770,245,31015
376,30770,245,31015
376,30770,245,31015
377,30770,245,31015
377,30770,245,31015
378,30770,245,31015
378,30770,245,31015
379,30770,245,31015
379,30770,245,31015
380,30770,245,31015
380,30770,245,31015
381,30770,245,31015
381,30770,245,31015
382,30770,245,31015
382,30770,245,31015
383,30770,245,31015
383,30770,245,31015
384,30770,245,31015
384,30770,245,31015
385,30770,245,31015
385,30770,245,31015
386,30770,245,31015
386,30770,245,31015
387,30770,245,31015
387,30770,245,31015
388,30770,245,31015
388,30770,245,31015
389,30770,245,31015
389,30770,245,31015
390,30770,245,31015
390,30770,245,31015
391,30770,245,31015
391,30770,245,31015
392,30770,245,31015
392,30770,245,31015
393,30770,245,31015
393,30770,245,31015
394,30770,245,31015
394,30770,245,31015
395,30770,245,31015
395,30770,245,31015
396,30770,245,31015
396,30770,245,31015
397,30770,245,31015
398,30770,245,31015
398,30770,245,31015
399,30770,245,31015
399,30770,245,31015
400,30770,245,31015
400,30770,245,31015
401,30770,245,31015
401,30770,245,31015
402,30770,245,31015
402,30770,245,31015
403,30770,245,31015
403,30770,245,31015
404,30770,245,31015
404,30770,245,31015
405,30770,245,31015
405,30770,245,31015
406,30770,245,31015
406,30770,245,31015
407,30770,245,31015
407,30770,245,31015
408,30770,245,31015
408,30770,245,31015
409,30770,245,31015
409,30770,245,31015
410,30770,245,31015
410,30770,245,31015
411,30770,245,31015
411,30770,245,31015
412,30770,245,31015
412,30770,245,31015
413,30770,245,31015
413,30770,245,31015
414,30770,245,31015
414,30770,245,31015
415,30770,245,31015
415,30770,245,31015
416,30770,245,31015
416,30770,245,31015
417,30770,245,31015
417,30770,245,31015
418,30770,245,31015
418,30770,245,31015
419,30770,245,31015
419,30770,245,31015
420,30770,245,31015
420,30770,245,31015
421,30770,245,31015
421,30770,245,31015
422,30770,245,31015
422,30770,245,31015
423,30770,245,31015
423,30770,245,31015
424,30770,245,31015
424,30770,245,31015
425,30770,245,31015
425,30770,245,31015
426,30770,245,31015
426,30770,245,31015
427,30770,245,31015
427,30770,245,31015
428,30770,245,31015
428,30770,245,31015
429,30770,245,31015
429,30770,245,31015
430,30770,245,31015
430,30770,245,31015
431,30770,245,31015
431,30770,245,31015
432,30770,245,31015
432,30770,245,31015
433,30770,245,31015
433,30770,245,31015
434,30770,245,31015
434,30770,245,31015
435,30770,245,31015
436,30770,245,31015
436,30770,245,31015
437,30770,245,31015
437,30770,245,31015
438,30770,245,31015
438,30770,245,31015
439,30770,245,31015
439,30770,245,31015
440,30770,245,31015
440,30770,245,31015
441,30770,245,31015
441,30770,245,31015
442,30770,245,31015
442,30770,245,31015
443,30770,245,31015
443,30770,245,31015
444,30770,245,31015
444,30770,245,31015
445,30770,245,31015
445,30770,245,31015
446,30770,245,31015
446,30770,245,31015
447,30770,245,31015
447,30770,245,31015
448,30770,245,31015
448,30770,245,31015
449,30770,245,31015
449,30770,245,31015
450,30770,245,31015
450,30770,245,31015
451,30770,245,31015
451,30770,245,31015
452,30770,245,31015
452,30770,245,31015
453,30770,245,31015
453,30770,245,31015
454,30770,245,31015
454,30770,245,31015
455,30770,245,31015
455,30770,245,31015
456,30770,245,31015
456,30770,245,31015
457,30770,245,31015
457,30770,245,31015
458,30770,245,31015
458,30770,245,31015
459,30770,245,31015
459,30770,245,31015
460,30770,245,31015
460,30770,245,31015
461,30770,245,31015
461,30770,245,31015
462,30770,245,31015
462,30770,245,31015
463,30770,245,31015
463,30770,245,31015
464,30770,245,31015
464,30770,245,31015
465,30770,245,31015
465,30770,245,31015
466,30770,245,31015
466,30770,245,31015
467,30770,245,31015
467,30770,245,31015
468,30770,245,31015
468,30770,245,31015
469,30770,245,31015
469,30770,245,31015
470,30770,245,31015
470,30770,245,31015
471,30770,245,31015
471,30770,245,31015
472,30770,245,31015
472,30770,245,31015
473,30770,245,31015
473,30770,245,31015
474,30770,245,31015
475,30770,245,31015
475,30770,245,31015
476,30770,245,31015
476,30770,245,31015
477,30770,245,31015
477,30770,245,31015
478,30770,245,31015
478,30770,245,31015
479,30770,245,31015
479,30770,245,31015
480,30770,245,31015
480,30770,245,31015
481,30770,245,31015
481,30770,245,31015
482,30770,245,31015
482,30770,245,31015
483,30770,245,31015
483,30770,245,31015
484,30770,245,31015
484,30770,245,31015
485,30770,245,31015
485,30770,245,31015
486,30770,245,31015
486,30770,245,31015
487,30770,245,31015
487,30770,245,31015
488,30770,245,31015
488,30770,245,31015
489,30770,245,31015
489,30770,245,31015
490,30770,245,31015
490,30770,245,31015
491,30770,245,31015
491,30770,245,31015
492,30770,245,31015
492,30770,245,31015
493,30770,245,31015
493,30770,245,31015
494,30770,245,31015
494,30770,245,31015
495,30770,245,31015
495,30770,245,31015
496,30770,245,31015
496,30770,245,31015
497,30770,245,31015
497,30770,245,31015
498,30770,245,31015
498,30770,245,31015
499,30770,245,31015
499,30770,245,31015
500,30770,245,31015
500,30770,245,31015
501,30770,245,31015
501,30770,245,31015
502,30770,245,31015
502,30770,245,31015
503,30770,245,31015
503,30770,245,31015
504,30770,245,31015
504,30770,245,31015
505,30770,245,31015
505,30770,245,31015
506,30770,245,31015
506,30770,245,31015
507,30770,245,31015
507,30770,245,31015
508,30770,245,31015
508,30770,245,31015
509,30770,245,31015
509,30770,245,31015
510,30770,245,31015
510,30770,245,31015
511,30770,245,31015
511,30770,245,31015
512,30770,245,31015
513,30770,245,31015
513,30770,245,31015
514,30770,245,31015
514,30770,245,31015
515,30770,245,31015
515,30770,245,31015
516,30770,245,31015
516,30770,245,31015
517,30770,245,31015
517,30770,245,31015
518,30770,245,31015
518,30770,245,31015
519,30770,245,31015
519,30770,245,31015
520,30770,245,31015
520,30770,245,31015
521,30770,245,31015
521,30770,245,31015
522,30770,245,31015
522,30770,245,31015
523,30770,245,31015
523,30770,245,31015
524,30770,245,31015
524,30770,245,31015
525,30770,245,31015
525,30770,245,31015
526,30770,245,31015
526,30770,245,31015
527,30770,245,31015
527,30770,245,31015
528,30770,245,31015
528,30770,245,31015
529,30770,245,31015
529,30770,245,31015
530,30770,245,31015
530,30770,245,31015
531,30770,245,31015
531,30770,245,31015
532,30770,245,31015
532,30770,245,31015
533,30770,245,31015
533,30770,245,31015
534,30770,245,31015
534,30770,245,31015
535,30770,245,31015
535,30770,245,31015
536,30770,245,31015
536,30770,245,31015
537,30770,245,31015
537,30770,245,31015
538,30770,245,31015
538,30770,245,31015
539,30770,245,31015
539,30770,245,31015
540,30770,245,31015
540,30770,245,31015
541,30770,245,31015
541,30770,245,31015
542,30770,245,31015
542,30770,245,31015
543,30770,245,31015
543,30770,245,31015
544,30770,245,31015
544,30770,245,31015
545,30770,245,31015
545,30770,245,31015
546,30770,245,31015
546,30770,245,31015
547,30770,245,31015
547,30770,245,31015
548,30770,245,31015
548,30770,245,31015
549,30770,245,31015
550,30770,245,31015
550,30770,245,31015
551,30770,245,31015
551,30770,245,31015
552,30770,245,31015
552,30770,245,31015
553,30770,245,31015
553,30770,245,31015
554,30770,245,31015
554,30770,245,31015
555,30770,245,31015
555,30770,245,31015
556,30770,245,31015
556,30770,245,31015
557,30770,245,31015
557,30770,245,31015
558,30770,245,31015
558,30770,245,31015
559,30770,245,31015
559,30770,245,31015
560,30770,245,31015
560,30770,245,31015
561,30770,245,31015
561,30770,245,31015
562,30770,245,31015
562,30770,245,31015
563,30770,245,31015
563,30770,245,31015
564,30770,245,31015
564,30770,245,31015
565,30770,245,31015
565,30770,245,31015
566,30770,245,31015
566,30770,245,31015
567,30770,245,31015
567,30770,245,31015
568,30770,245,31015
568,30770,245,31015
569,30770,245,31015
569,30770,245,31015
570,30770,245,31015
570,30770,245,31015
571,30770,245,31015
571,30770,245,31015
572,30770,245,31015
572,30770,245,31015
573,30770,245,31015
573,30770,245,31015
574,30770,245,31015
574,30770,245,31015
575,30770,245,31015
575,30770,245,31015
576,30770,245,31015
576,30770,245,31015
577,30770,245,31015
577,30770,245,31015
578,30770,245,31015
578,30770,245,31015
579,30770,245,31015
579,30770,245,31015
580,30770,245,31015
580,30770,245,31015
581,30770,245,31015
581,30770,245,31015
582,30770,245,31015
582,30770,245,31015
583,30770,245,31015
583,30770,245,31015
584,30770,245,31015
584,30770,245,31015
585,30770,245,31015
585,30770,245,31015
586,30770,245,31015
586,30770,245,31015
587,30770,245,31015
587,30770,245,31015
588,30770,245,31015
589,30770,245,31015
589,30770,245,31015
590,30770,245,31015
590,30770,245,31015
591,30770,245,31015
591,30770,245,31015
592,30770,245,31015
592,30770,245,31015
593,30770,245,31015
593,30770,245,31015
594,30770,245,31015
594,30770,245,31015
595,30770,245,31015
595,30770,245,31015
596,30770,245,31015
596,30770,245,31015
597,30770,245,31015
597,30770,245,31015
598,30770,245,31015
598,30770,245,31015
599,30770,245,31015
599,30770,245,31015
600,30770,245,31015
600,30770,245,31015
601,30770,245,31015
601,30770,245,31015
602,30770,245,31015
602,30770,245,31015
603,30770,245,31015
603,30770,245,31015
604,30770,245,31015
604,30770,245,31015
605,30770,245,31015
605,30770,245,31015
606,30770,245,31015
606,30770,245,31015
607,30770,245,31015
607,30770,245,31015
608,30770,245,31015
608,30770,245,31015
609,30770,245,31015
609,30770,245,31015
610,30770,245,31015
610,30770,245,31015
611,30770,245,31015
611,30770,245,31015
612,30770,245,31015
612,30770,245,31015
613,30770,245,31015
613,30770,245,31015
614,30770,245,31015
614,30770,245,31015
615,30770,245,31015
615,30770,245,31015
616,30770,245,31015
616,30770,245,31015
617,30770,245,31015
617,30770,245,31015
618,30770,245,31015
618,30770,245,31015
619,30770,245,31015
619,30770,245,31015
620,30770,245,31015
620,30770,245,31015
621,30770,245,31015
621,30770,245,31015
622,30770,245,31015
622,30770,245,31015
623,30770,245,31015
623,30770,245,31015
624,30770,245,31015
624,30770,245,31015
625,30770,245,31015
625,30770,245,31015
626,30770,245,31015
627,30770,245,31015
627,30770,245,31015
628,30770,245,31015
628,30770,245,31015
629,30770,245,31015
629,30770,245,31015
630,30770,245,31015
630,30770,245,31015
631,30770,245,31015
631,30770,245,31015
632,30770,245,31015
632,30770,245,31015
633,30770,245,31015
633,30770,245,31015
634,30770,245,31015
634,30770,245,31015
635,30770,245,31015
635,30770,245,31015
636,30770,245,31015
636,30770,245,31015
637,30770,245,31015
637,30770,245,31015
638,30770,245,31015
638,30770,245,31015
639,30770,245,31015
639,30770,245,31015
640,30770,245,31015
640,30770,245,31015
641,30770,245,31015
641,30770,245,31015
642,30770,245,31015
642,30770,245,31015
643,30770,245,31015
643,30770,245,31015
644,30770,245,31015
644,30770,245,31015
645,30770,245,31015
645,30770,245,31015
646,30770,245,31015
646,30770,245,31015
647,30770,245,31015
647,30770,245,31015
648,30770,245,31015
648,30770,245,31015
649,30770,245,31015
649,30770,245,31015
650,30770,245,31015
650,30770,245,31015
651,30770,245,31015
651,30770,245,31015
652,30770,245,31015
652,30770,245,31015
653,30770,245,31015
653,30770,245,31015
654,30770,245,31015
654,30770,245,31015
655,30770,245,31015
655,30770,245,31015
656,30770,245,31015
656,30770,245,31015
657,30770,245,31015
657,30770,245,31015
658,30770,245,31015
658,30770,245,31015
659,30770,245,31015
659,30770,245,31015
660,30770,245,31015
660,30770,245,31015
661,30770,245,31015
661,30770,245,31015
662,30770,245,31015
662,30770,245,31015
663,30770,245,31015
663,30770,245,31015
664,30770,245,31015
665,30770,245,31015
665,30770,245,31015
666,30770,245,31015
666,30770,245,31015
667,30770,245,31015
667,30770,245,31015
668,30770,245,31015
668,30770,245,31015
669,30770,245,31015
669,30770,245,31015
670,30770,245,31015
670,30770,245,31015
671,30770,245,31015
671,30770,245,31015
672,30770,245,31015
672,30770,245,31015
673,30770,245,31015
673,30770,245,31015
674,30770,245,31015
674,30770,245,31015
675,30770,245,31015
675,30770,245,31015
676,30770,245,31015
676,30770,245,31015
677,30770,245,31015
677,30770,245,31015
678,30770,245,31015
678,30770,245,31015
679,30770,245,31015
679,30770,245,31015
680,30770,245,31015
680,30770,245,31015
681,30770,245,31015
681,30770,245,31015
682,30770,245,31015
682,30770,245,31015
683,30770,245,31015
683,30770,245,31015
684,30770,245,31015
684,30770,245,31015
685,30770,245,31015
685,30770,245,31015
686,30770,245,31015
686,30770,245,31015
687,30770,245,31015
687,30770,245,31015
688,30770,245,31015
688,30770,245,31015
689,30770,245,31015
689,30770,245,31015
690,30770,245,31015
690,30770,245,31015
691,30770,245,31015
691,30770,245,31015
692,30770,245,31015
692,30770,245,31015
693,30770,245,31015
693,30770,245,31015
694,30770,245,31015
694,30770,245,31015
695,30770,245,31015
695,30770,245,31015
696,30770,245,31015
696,30770,245,31015
697,30770,245,31015
697,30770,245,31015
698,30770,245,31015
698,30770,245,31015
699,30770,245,31015
699,30770,245,31015
700,30770,245,31015
700,30770,245,31015
701,30770,245,31015
701,30770,245,31015
702,30770,245,31015
703,30770,245,31015
703,30770,245,31015
704,30770,245,31015
704,30770,245,31015
705,30770,245,31015
705,30770,245,31015
706,30770,245,31015
706,30770,245,31015
707,30770,245,31015
707,30770,245,31015
708,30770,245,31015
708,30770,245,31015
709,30770,245,31015
709,30770,245,31015
710,30770,245,31015
710,30770,245,31015
711,30770,245,31015
711,30770,245,31015
712,30770,245,31015
712,30770,245,31015
713,30770,245,31015
713,30770,245,31015
714,30770,245,31015
714,30770,245,31015
715,30770,245,31015
715,30770,245,31015
716,30770,245,31015
716,30770,245,31015
717,30770,245,31015
717,30770,245,31015
718,30770,245,31015
718,30770,245,31015
719,30770,245,31015
719,30770,245,31015
720,30770,245,31015
720,30770,245,31015
721,30770,245,31015
721,30770,245,31015
722,30770,245,31015
722,30770,245,31015
723,30770,245,31015
723,30770,245,31015
724,30770,245,31015
724,30770,245,31015
725,30770,245,31015
725,30770,245,31015
726,30770,245,31015
726,30770,245,31015
727,30770,245,31015
727,30770,245,31015
728,30770,245,31015
728,30770,245,31015
729,30770,245,31015
729,30770,245,31015
730,30770,245,31015
730,30770,245,31015
731,30770,245,31015
731,30770,245,31015
732,30770,245,31015
732,30770,245,31015
733,30770,245,31015
733,30770,245,31015
734,30770,245,31015
734,30770,245,31015
735,30770,245,31015
735,30770,245,31015
736,30770,245,31015
736,30770,245,31015
737,30770,245,31015
737,30770,245,31015
738,30770,245,31015
738,30770,245,31015
739,30770,245,31015
740,30770,245,31015
740,30770,245,31015
741,30770,245,31015
741,30770,245,31015
742,30770,245,31015
742,30770,245,31015
743,30770,245,31015
743,30770,245,31015
744,30770,245,31015
744,30770,245,31015
745,30770,245,31015
745,30770,245,31015
746,30770,245,31015
746,30770,245,31015
747,30770,245,31015
747,30770,245,31015
748,30770,245,31015
748,30770,245,31015
749,30770,245,31015
749,30770,245,31015
750,30770,245,31015
750,30770,245,31015
751,30770,245,31015
751,30770,245,31015
752,30770,245,31015
752,30770,245,31015
753,30770,245,31015
753,30770,245,31015
754,30770,245,31015
754,30770,245,31015
755,30770,245,31015
755,30770,245,31015
756,30770,245,31015
756,30770,245,31015
757,30770,245,31015
757,30770,245,31015
758,30770,245,31015
758,30770,245,31015
759,30770,245,31015
759,30770,245,31015
760,30770,245,31015
760,30770,245,31015
761,30770,245,31015
761,30770,245,31015
762,30770,245,31015
762,30770,245,31015
763,30770,245,31015
763,30770,245,31015
764,30770,245,31015
764,30770,245,31015
765,30770,245,31015
765,30770,245,31015
766,30770,245,31015
766,30770,245,31015
767,30770,245,31015
767,30770,245,31015
768,30770,245,31015
768,30770,245,31015
769,30770,245,31015
769,30770,245,31015
770,30770,245,31015
770,30770,245,31015
771,30770,245,31015
771,30770,245,31015
772,30770,245,31015
772,30770,245,31015
773,30770,245,31015
773,30770,245,31015
774,30770,245,31015
774,30770,245,31015
775,30770,245,31015
775,30770,245,31015
776,30770,245,31015
777,30770,245,31015
777,30770,245,31015
778,30770,245,31015
778,30770,245,31015
779,30770,245,31015
779,30770,245,31015
780,30770,245,31015
780,30770,245,31015
781,30770,245,31015
781,30770,245,31015
782,30770,245,31015
782,30770,245,31015
783,30770,245,31015
783,30770,245,31015
784,30770,245,31015
784,30770,245,31015
785,30770,245,31015
785,30770,245,31015
786,30770,245,31015
786,30770,245,31015
787,30770,245,31015
787,30770,245,31015
788,30770,245,31015
788,30770,245,31015
789,30770,245,31015
789,30770,245,31015
790,30770,245,31015
790,30770,245,31015
791,30770,245,31015
791,30770,245,31015
792,30770,245,31015
792,30770,245,31015
793,30770,245,31015
793,30770,245,31015
794,30770,245,31015
794,30770,245,31015
795,30770,245,31015
795,30770,245,31015
796,30770,245,31015
796,30770,245,31015
797,30770,245,31015
797,30770,245,31015
798,30770,245,31015
798,30770,245,31015
799,30770,245,31015
799,30770,245,31015
800,30770,245,31015
800,30770,245,31015
801,30770,245,31015
801,30770,245,31015
802,30770,245,31015
802,30770,245,31015
803,30770,245,31015
803,30770,245,31015
804,30770,245,31015
804,30770,245,31015
805,30770,245,31015
805,30770,245,31015
806,30770,245,31015
806,30770,245,31015
807,30770,245,31015
807,30770,245,31015
808,30770,245,31015
808,30770,245,31015
809,30770,245,31015
809,30770,245,31015
810,30770,245,31015
810,30770,245,31015
811,30770,245,31015
811,30770,245,31015
812,30770,245,31015
812,30770,245,31015
813,30770,245,31015
814,30770,245,31015
814,30770,245,31015
815,30770,245,31015
815,30770,245,31015
816,30770,245,31015
816,30770,245,31015
817,30770,245,31015
817,30770,245,31015
818,30770,245,31015
818,30770,245,31015
819,30770,245,31015
819,30770,245,31015
820,30770,245,31015
820,30770,245,31015
821,30770,245,31015
821,30770,245,31015
822,30770,245,31015
822,30770,245,31015
823,30770,245,31015
823,30770,245,31015
824,30770,245,31015
824,30770,245,31015
825,30770,245,31015
825,30770,245,31015
826,30770,245,31015
826,30770,245,31015
827,30770,245,31015
827,30770,245,31015
828,30770,245,31015
828,30770,245,31015
829,30770,245,31015
829,30770,245,31015
830,30770,245,31015
830,30770,245,31015
831,30770,245,31015
831,30770,245,31015
832,30770,245,31015
832,30770,245,31015
833,30770,245,31015
833,30770,245,31015
834,30770,245,31015
834,30770,245,31015
835,30770,245,31015
835,30770,245,31015
836,30770,245,31015
836,30770,245,31015
837,30770,245,31015
837,30770,245,31015
838,30770,245,31015
838,30770,245,31015
839,30770,245,31015
839,30770,245,31015
840,30770,245,31015
840,30770,245,31015
841,30770,245,31015
841,30770,245,31015
842,30770,245,31015
842,30770,245,31015
843,30770,245,31015
843,30770,245,31015
844,30770,245,31015
844,30770,245,31015
845,30770,245,31015
845,30770,245,31015
846,30770,245,31015
846,30770,245,31015
847,30770,245,31015
847,30770,245,31015
848,30770,245,31015
848,30770,245,31015
849,30770,245,31015
849,30770,245,31015
850,30770,245,31015
850,30770,245,31015
851,30770,245,31015
851,30770,245,31015
852,30770,245,31015
853,30770,245,31015
853,30770,245,31015
854,30770,245,31015
854,30770,245,31015
855,30770,245,31015
855,30770,245,31015
856,30770,245,31015
856,30770,245,31015
857,30770,245,31015
857,30770,245,31015
858,30770,245,31015
858,30770,245,31015
859,30770,245,31015
859,30770,245,31015
860,30770,245,31015
860,30770,245,31015
861,30770,245,31015
861,30770,245,31015
862,30770,245,31015
862,30770,245,31015
863,30770,245,31015
863,30770,245,31015
864,30770,245,31015
864,30770,245,31015
865,30770,245,31015
865,30770,245,31015
866,30770,245,31015
866,30770,245,31015
867,30770,245,31015
867,30770,245,31015
868,30770,245,31015
868,30770,245,31015
869,30770,245,31015
869,30770,245,31015
870,30770,245,31015
870,30770,245,31015
871,30770,245,31015
871,30770,245,31015
872,30770,245,31015
872,30770,245,31015
873,30770,245,31015
873,30770,245,31015
874,30770,245,31015
874,30770,245,31015
875,30770,245,31015
875,30770,245,31015
876,30770,245,31015
876,30770,245,31015
877,30770,245,31015
877,30770,245,31015
878,30770,245,31015
878,30770,245,31015
879,30770,245,31015
879,30770,245,31015
880,30770,245,31015
880,30770,245,31015
881,30770,245,31015
881,30770,245,31015
882,30770,245,31015
882,30770,245,31015
883,30770,245,31015
883,30770,245,31015
884,30770,245,31015
884,30770,245,31015
885,30770,245,31015
885,30770,245,31015
886,30770,245,31015
886,30770,245,31015
887,30770,245,31015
887,30770,245,31015
888,30770,245,31015
888,30770,245,31015
889,30770,245,31015
889,30770,245,31015
890,30770,245,31015
891,30770,245,31015
891,30770,245,31015
892,30770,245,31015
892,30770,245,31015
893,30770,245,31015
893,30770,245,31015
894,30770,245,31015
894,30770,245,31015
895,30770,245,31015
895,30770,245,31015
896,30770,245,31015
896,30770,245,31015
897,30770,245,31015
897,30770,245,31015
898,30770,245,31015
898,30770,245,31015
899,30770,245,31015
899,30770,245,31015
900,30770,245,31015
900,30770,245,31015
901,30770,245,31015
901,30770,245,31015
902,30770,245,31015
902,30770,245,31015
903,30770,245,31015
903,30770,245,31015
904,30770,245,31015
904,30770,245,31015
905,30770,245,31015
905,30770,245,31015
906,30770,245,31015
906,30770,245,31015
907,30770,245,31015
907,30770,245,31015
908,30770,245,31015
908,30770,245,31015
909,30770,245,31015
909,30770,245,31015
910,30770,245,31015
910,30770,245,31015
911,30770,245,31015
911,30770,245,31015
912,30770,245,31015
912,30770,245,31015
913,30770,245,31015
913,30770,245,31015
914,30770,245,31015
914,30770,245,31015
915,30770,245,31015
915,30770,245,31015
916,30770,245,31015
916,30770,245,31015
917,30770,245,31015
917,30770,245,31015
918,30770,245,31015
918,30770,245,31015
919,30770,245,31015
919,30770,245,31015
920,30770,245,31015
920,30770,245,31015
921,30770,245,31015
921,30770,245,31015
922,30770,245,31015
922,30770,245,31015
923,30770,245,31015
923,30770,245,31015
924,30770,245,31015
924,30770,245,31015
925,30770,245,31015
925,30770,245,31015
926,30770,245,31015
926,30770,245,31015
927,30770,245,31015
927,30770,245,31015
928,30770,245,31015
929,30770,245,31015
929,30770,245,31015
930,30770,245,31015
930,30770,245,31015
931,30770,245,31015
931,30770,245,31015
932,30770,245,31015
932,30770,245,31015
933,30770,245,31015
933,30770,245,31015
934,30770,245,31015
934,30770,245,31015
935,30770,245,31015
935,30770,245,31015
936,30770,245,31015
936,30770,245,31015
937,30770,245,31015
937,30770,245,31015
938,30770,245,31015
938,30770,245,31015
939,30770,245,31015
939,30770,245,31015
940,30770,245,31015
940,30770,245,31015
941,30770,245,31015
941,30770,245,31015
942,30770,245,31015
942,30770,245,31015
943,30770,245,31015
943,30770,245,31015
944,30770,245,31015
944,30770,245,31015
945,30770,245,31015
945,30770,245,31015
946,30770,245,31015
946,30770,245,31015
947,30770,245,31015
947,30770,245,31015
948,30770,245,31015
948,30770,245,31015
949,30770,245,31015
949,30770,245,31015
950,30770,245,31015
950,30770,245,31015
951,30770,245,31015
951,30770,245,31015
952,30770,245,31015
952,30770,245,31015
953,30770,245,31015
953,30770,245,31015
954,30770,245,31015
954,30770,245,31015
955,30770,245,31015
955,30770,245,31015
956,30770,245,31015
956,30770,245,31015
957,30770,245,31015
957,30770,245,31015
958,30770,245,31015
958,30770,245,31015
959,30770,245,31015
959,30770,245,31015
960,30770,245,31015
960,30770,245,31015
961,30770,245,31015
961,30770,245,31015
962,30770,245,31015
962,30770,245,31015
963,30770,245,31015
963,30770,245,31015
964,30770,245,31015
964,30770,245,31015
965,30770,245,31015
966,30770,245,31015
966,30770,245,31015
967,30770,245,31015
967,30770,245,31015
968,30770,245,31015
968,30770,245,31015
969,30770,245,31015
969,30770,245,31015
970,30770,245,31015
970,30770,245,31015
971,30770,245,31015
971,30770,245,31015
972,30770,245,31015
972,30770,245,31015
973,30770,245,31015
973,30770,245,31015
974,30770,245,31015
974,30770,245,31015
975,30770,245,31015
975,30770,245,31015
976,30770,245,31015
976,30770,245,31015
977,30770,245,31015
977,30770,245,31015
978,30770,245,31015
978,30770,245,31015
979,30770,245,31015
979,30770,245,31015
980,30770,245,31015
980,30770,245,31015
981,30770,245,31015
981,30770,245,31015
982,30770,245,31015
982,30770,245,31015
983,30770,245,31015
983,30770,245,31015
984,30770,245,31015
984,30770,245,31015
985,30770,245,31015
985,30770,245,31015
986,30770,245,31015
986,30770,245,31015
987,30770,245,31015
987,30770,245,31015
988,30770,245,31015
988,30770,245,31015
989,30770,245,31015
989,30770,245,31015
990,30770,245,31015
990,30770,245,31015
991,30770,245,31015
991,30770,245,31015
992,30770,245,31015
992,30770,245,31015
993,30770,245,31015
993,30770,245,31015
994,30770,245,31015
994,30770,245,31015
995,30770,245,31015
995,30770,245,31015
996,30770,245,31015
996,30770,245,31015
997,30770,245,31015
997,30770,245,31015
998,30770,245,31015
998,30770,245,31015
999,30770,245,31015
999,30770,245,31015
1000,30770,245,31015
1000,30770,245,31015
1001,30770,245,31015
1001,30770,245,31015
1002,30770,245,31015
1002,30770,245,31015
1003,30770,245,31015
1004,30770,245,31015
1004,30770,245,31015
1005,30770,245,31015
1005,30770,245,31015
1006,30770,245,31015
1006,30770,245,31015
1007,30770,245,31015
1007,30770,245,31015
1008,30770,245,31015
1008,30770,245,31015
1009,30770,245,31015
1009,30770,245,31015
1010,30770,245,31015
1010,30770,245,31015
1011,30770,245,31015
1011,30770,245,31015
1012,30770,245,31015
1012,30770,245,31015
1013,30770,245,31015
1013,30770,245,31015
1014,30770,245,31015
1014,30770,245,31015
1015,30770,245,31015
1015,30770,245,31015
1016,30770,245,31015
1016,30770,245,31015
1017,30770,245,31015
1017,30770,245,31015
1018,30770,245,31015
1018,30770,245,31015
1019,30770,245,31015
1019,30770,245,31015
1020,30770,245,31015
1020,30770,245,31015
1021,30770,245,31015
1021,30770,245,31015
1022,30770,245,31015
1022,30770,245,31015
1023,30770,245,31015
1023,30770,245,31015
1024,30770,245,31015
1024,30770,245,31015
1025,30770,245,31015
1025,30770,245,31015
1026,30770,245,31015
1026,30770,245,31015
1027,30770,245,31015
1027,30770,245,31015
1028,30770,245,31015
1028,30770,245,31015
1029,30770,245,31015
1029,30770,245,31015
1030,30770,245,31015
1030,30770,245,31015
1031,30770,245,31015
1031,30770,245,31015
1032,30770,245,31015
1032,30770,245,31015
1033,30770,245,31015
1033,30770,245,31015
1034,30770,245,31015
1034,30770,245,31015
1035,30770,245,31015
1035,30770,245,31015
1036,30770,245,31015
1036,30770,245,31015
1037,30770,245,31015
1037,30770,245,31015
1038,30770,245,31015
1038,30770,245,31015
1039,30770,245,31015
1039,30770,245,31015
1040,30770,245,31015
1040,30770,245,31015
1041,30770,245,31015
1042,30770,245,31015
1042,30770,245,31015
1043,30770,245,31015
1043,30770,245,31015
1044,30770,245,31015
1044,30770,245,31015
1045,30770,245,31015
1045,30770,245,31015
1046,30770,245,31015
1046,30770,245,31015
1047,30770,245,31015
1047,30770,245,31015
1048,30770,245,31015
1048,30770,245,31015
1049,30770,245,31015
1049,30770,245,31015
1050,30770,245,31015
1050,30770,245,31015
1051,30770,245,31015
1051,30770,245,31015
1052,30770,245,31015
1052,30770,245,31015
1053,30770,245,31015
1053,30770,245,31015
1054,30770,245,31015
1054,30770,245,31015
1055,30770,245,31015
1055,30770,245,31015
1056,30770,245,31015
1056,30770,245,31015
1057,30770,245,31015
1057,30770,245,31015
1058,30770,245,31015
1058,30770,245,31015
1059,30770,245,31015
1059,30770,245,31015
1060,30770,245,31015
1060,30770,245,31015
1061,30770,245,31015
1061,30770,245,31015
1062,30770,245,31015
1062,30770,245,31015
1063,30770,245,31015
1063,30770,245,31015
1064,30770,245,31015
1064,30770,245,31015
1065,30770,245,31015
1065,30770,245,31015
1066,30770,245,31015
1066,30770,245,31015
1067,30770,245,31015
1067,30770,245,31015
1068,30770,245,31015
1068,30770,245,31015
1069,30770,245,31015
1069,30770,245,31015
1070,30770,245,31015
1070,30770,245,31015
1071,30770,245,31015
1071,30770,245,31015
1072,30770,245,31015
1072,30770,245,31015
1073,30770,245,31015
1073,30770,245,31015
1074,30770,245,31015
1074,30770,245,31015
1075,30770,245,31015
1075,30770,245,31015
1076,30770,245,31015
1076,30770,245,31015
1077,30770,245,31015
1077,30770,245,31015
1078,30770,245,31015
1079,30770,245,31015
1079,30770,245,31015
1080,30770,245,31015
1080,30770,245,31015
1081,30770,245,31015
1081,30770,245,31015
1082,30770,245,31015
1082,30770,245,31015
1083,30770,245,31015
1083,30770,245,31015
1084,30770,245,31015
1084,30770,245,31015
1085,30770,245,31015
1085,30770,245,31015
1086,30770,245,31015
1086,30770,245,31015
1087,30770,245,31015
1087,30770,245,31015
1088,30770,245,31015
1088,30770,245,31015
1089,30770,245,31015
1089,30770,245,31015
1090,30770,245,31015
1090,30770,245,31015
1091,30770,245,31015
1091,30770,245,31015
1092,30770,245,31015
1092,30770,245,31015
1093,30770,245,31015
1093,30770,245,31015
1094,30770,245,31015
1094,30770,245,31015
1095,30770,245,31015
1095,30770,245,31015
1096,30770,245,31015
1096,30770,245,31015
1097,30770,245,31015
1097,30770,245,31015
1098,30770,245,31015
1098,30770,245,31015
1099,30770,245,31015
1099,30770,245,31015
1100,30770,245,31015
1100,30770,245,31015
1101,30770,245,31015
1101,30770,245,31015
1102,30770,245,31015
1102,30770,245,31015
1103,30770,245,31015
1103,30770,245,31015
1104,30770,245,31015
1104,30770,245,31015
1105,30770,245,31015
1105,30770,245,31015
1106,30770,245,31015
1106,30770,245,31015
1107,30770,245,31015
1107,30770,245,31015
1108,30770,245,31015
1108,30770,245,31015
1109,30770,245,31015
1109,30770,245,31015
1110,30770,245,31015
1110,30770,245,31015
1111,30770,245,31015
1111,30770,245,31015
1112,30770,245,31015
1112,30770,245,31015
1113,30770,245,31015
1113,30770,245,31015
1114,30770,245,31015
1114,30770,245,31015
1115,30770,245,31015
1115,30770,245,31015
1116,30770,245,31015
1117,30770,245,31015
1117,30770,245,31015
1118,30770,245,31015
1118,30770,245,31015
1119,30770,245,31015
1119,30770,245,31015
1120,30770,245,31015
1120,30770,245,31015
1121,30770,245,31015
1121,30770,245,31015
1122,30770,245,31015
1122,30770,245,31015
1123,30770,245,31015
1123,30770,245,31015
1124,30770,245,31015
1124,30770,245,31015
1125,30770,245,31015
1125,30770,245,31015
1126,30770,245,31015
1126,30770,245,31015
1127,30770,245,31015
1127,30770,245,31015
1128,30770,245,31015
1128,30770,245,31015
1129,30770,245,31015
1129,30770,245,31015
1130,30770,245,31015
1130,30770,245,31015
1131,30770,245,31015
1131,30770,245,31015
1132,30770,245,31015
1132,30770,245,31015
1133,30770,245,31015
1133,30770,245,31015
1134,30770,245,31015
1134,30770,245,31015
1135,30770,245,31015
1135,30770,245,31015
1136,30770,245,31015
1136,30770,245,31015
1137,30770,245,31015
1137,30770,245,31015
1138,30770,245,31015
1138,30770,245,31015
1139,30770,245,31015
1139,30770,245,31015
1140,30770,245,31015
1140,30770,245,31015
1141,30770,245,31015
1141,30770,245,31015
1142,30770,245,31015
1142,30770,245,31015
1143,30770,245,31015
1143,30770,245,31015
1144,30770,245,31015
1144,30770,245,31015
1145,30770,245,31015
1145,30770,245,31015
1146,30770,245,31015
1146,30770,245,31015
1147,30770,245,31015
1147,30770,245,31015
1148,30770,245,31015
1148,30770,245,31015
1149,30770,245,31015
1149,30770,245,31015
1150,30770,245,31015
1150,30770,245,31015
1151,30770,245,31015
1151,30770,245,31015
1152,30770,245,31015
1152,30770,245,31015
1153,30770,245,31015
1154,30770,245,31015
1154,30770,245,31015
1155,30770,245,31015
1155,30770,245,31015
1156,30770,245,31015
1156,30770,245,31015
1157,30770,245,31015
1157,30770,245,31015
1158,30770,245,31015
1158,30770,245,31015
1159,30770,245,31015
1159,30770,245,31015
1160,30770,245,31015
1160,30770,245,31015
1161,30770,245,31015
1161,30770,245,31015
1162,30770,245,31015
1162,30770,245,31015
1163,30770,245,31015
1163,30770,245,31015
1164,30770,245,31015
1164,30770,245,31015
1165,30770,245,31015
1165,30770,245,31015
1166,30770,245,31015
1166,30770,245,31015
1167,30770,245,31015
1167,30770,245,31015
1168,30770,245,31015
1168,30770,245,31015
1169,30770,245,31015
1169,30770,245,31015
1170,30770,245,31015
1170,30770,245,31015
1171,30770,245,31015
1171,30770,245,31015
1172,30770,245,31015
1172,30770,245,31015
1173,30770,245,31015
1173,30770,245,31015
1174,30770,245,31015
1174,30770,245,31015
1175,30770,245,31015
1175,30770,245,31015
1176,30770,245,31015
1176,30770,245,31015
1177,30770,245,31015
1177,30770,245,31015
1178,30770,245,31015
1178,30770,245,31015
1179,30770,245,31015
1179,30770,245,31015
1180,30770,245,31015
1180,30770,245,31015
1181,30770,245,31015
1181,30770,245,31015
1182,30770,245,31015
1182,30770,245,31015
1183,30770,245,31015
1183,30770,245,31015
1184,30770,245,31015
1184,30770,245,31015
1185,30770,245,31015
1185,30770,245,31015
1186,30770,245,31015
1186,30770,245,31015
1187,30770,245,31015
1187,30770,245,31015
1188,30770,245,31015
1188,30770,245,31015
1189,30770,245,31015
1189,30770,245,31015
1190,30770,245,31015
1190,30770,245,31015
1191,30770,245,31015
1192,30770,245,31015
1192,30770,245,31015
1193,30770,245,31015
1193,30770,245,31015
1194,30770,245,31015
1194,30770,245,31015
1195,30770,245,31015
1195,30770,245,31015
1196,30770,245,31015
1196,30770,245,31015
1197,30770,245,31015
1197,30770,245,31015
1198,30770,245,31015
1198,30770,245,31015
1199,30770,245,31015
1199,30770,245,31015
1200,30770,245,31015
1200,30770,245,31015
1201,30770,245,31015
1201,30770,245,31015
1202,30770,245,31015
1202,30770,245,31015
1203,30770,245,31015
1203,30770,245,31015
1204,30770,245,31015
1204,30770,245,31015
1205,30770,245,31015
1205,30770,245,31015
1206,30770,245,31015
1206,30770,245,31015
1207,30770,245,31015
1207,30770,245,31015
1208,30770,245,31015
1208,30770,245,31015
1209,30770,245,31015
1209,30770,245,31015
1210,30770,245,31015
1210,30770,245,31015
1211,30770,245,31015
1211,30770,245,31015
1212,30770,245,31015
1212,30770,245,31015
1213,30770,245,31015
1213,30770,245,31015
1214,30770,245,31015
1214,30770,245,31015
1215,30770,245,31015
1215,30770,245,31015
1216,30770,245,31015
1216,30770,245,31015
1217,30770,245,31015
1217,30770,245,31015
1218,30770,245,31015
1218,30770,245,31015
1219,30770,245,31015
1219,30770,245,31015
1220,30770,245,31015
1220,30770,245,31015
1221,30770,245,31015
1221,30770,245,31015
1222,30770,245,31015
1222,30770,245,31015
1223,30770,245,31015
1223,30770,245,31015
1224,30770,245,31015
1224,30770,245,31015
1225,30770,245,31015
1225,30770,245,31015
1226,30770,245,31015
1226,30770,245,31015
1227,30770,245,31015
1227,30770,245,31015
1228,30770,245,31015
1228,30770,245,31015
1229,30770,245,31015
1229,30770,245,31015
1230,30770,245,31015
1231,30770,245,31015
1231,30770,245,31015
1232,30770,245,31015
1232,30770,245,31015
1233,30770,245,31015
1233,30770,245,31015
1234,30770,245,31015
1234,30770,245,31015
1235,30770,245,31015
1235,30770,245,31015
1236,30770,245,31015
1236,30770,245,31015
1237,30770,245,31015
1237,30770,245,31015
1238,30770,245,31015
1238,30770,245,31015
1239,30770,245,31015
1239,30770,245,31015
1240,30770,245,31015
1240,30770,245,31015
1241,30770,245,31015
1241,30770,245,31015
1242,30770,245,31015
1242,30770,245,31015
1243,30770,245,31015
1243,30770,245,31015
1244,30770,245,31015
1244,30770,245,31015
1245,30770,245,31015
1245,30770,245,31015
1246,30770,245,31015
1246,30770,245,31015
1247,30770,245,31015
1247,30770,245,31015
1248,30770,245,31015
1248,30770,245,31015
1249,30770,245,31015
1249,30770,245,31015
1250,30770,245,31015
1250,30770,245,31015
1251,30770,245,31015
1251,30770,245,31015
1252,30770,245,31015
1252,30770,245,31015
1253,30770,245,31015
1253,30770,245,31015
1254,30770,245,31015
1254,30770,245,31015
1255,30770,245,31015
1255,30770,245,31015
1256,30770,245,31015
1256,30770,245,31015
1257,30770,245,31015
1257,30770,245,31015
1258,30770,245,31015
1258,30770,245,31015
1259,30770,245,31015
1259,30770,245,31015
1260,30770,245,31015
1260,30770,245,31015
1261,30770,245,31015
1261,30770,245,31015
1262,30770,245,31015
1262,30770,245,31015
1263,30770,245,31015
1263,30770,245,31015
1264,30770,245,31015
1264,30770,245,31015
1265,30770,245,31015
1265,30770,245,31015
1266,30770,245,31015
1266,30770,245,31015
1267,30770,245,31015
1267,30770,245,31015
1268,30770,245,31015
1269,30770,245,31015
1269,30770,245,31015
1270,30770,245,31015
1270,30770,245,31015
1271,30770,245,31015
1271,30770,245,31015
1272,30770,245,31015
1272,30770,245,31015
1273,30770,245,31015
1273,30770,245,31015
1274,30770,245,31015
1274,30770,245,31015
1275,30770,245,31015
1275,30770,245,31015
1276,30770,245,31015
1276,30770,245,31015
1277,30770,245,31015
1277,30770,245,31015
1278,30770,245,31015
1278,30770,245,31015
1279,30770,245,31015
1279,30770,245,31015
1280,30770,245,31015
1280,30770,245,31015
1281,30770,245,31015
1281,30770,245,31015
1282,30770,245,31015
1282,30770,245,31015
1283,30770,245,31015
1283,30770,245,31015
1284,30770,245,31015
1284,30770,245,31015
1285,30770,245,31015
1285,30770,245,31015
1286,30770,245,31015
1286,30770,245,31015
1287,30770,245,31015
1287,30770,245,31015
1288,30770,245,31015
1288,30770,245,31015
1289,30770,245,31015
1289,30770,245,31015
1290,30770,245,31015
1290,30770,245,31015
1291,30770,245,31015
1291,30770,245,31015
1292,30770,245,31015
1292,30770,245,31015
1293,30770,245,31015
1293,30770,245,31015
1294,30770,245,31015
1294,30770,245,31015
1295,30770,245,31015
1295,30770,245,31015
1296,30770,245,31015
1296,30770,245,31015
1297,30770,245,31015
1297,30770,245,31015
1298,30770,245,31015
1298,30770,245,31015
1299,30770,245,31015
1299,30770,245,31015
1300,30770,245,31015
1300,30770,245,31015
1301,30770,245,31015
1301,30770,245,31015
1302,30770,245,31015
1302,30770,245,31015
1303,30770,245,31015
1303,30770,245,31015
1304,30770,245,31015
1304,30770,245,31015
1305,30770,245,31015
1306,30770,245,31015
1306,30770,245,31015
1307,30770,245,31015
1307,30770,245,31015
1308,30770,245,31015
1308,30770,245,31015
1309,30770,245,31015
1309,30770,245,31015
1310,30770,245,31015
1310,30770,245,31015
1311,30770,245,31015
1311,30770,245,31015
1312,30770,245,31015
1312,30770,245,31015
1313,30770,245,31015
1313,30770,245,31015
1314,30770,245,31015
1314,30770,245,31015
1315,30770,245,31015
1315,30770,245,31015
1316,30770,245,31015
1316,30770,245,31015
1317,30770,245,31015
1317,30770,245,31015
1318,30770,245,31015
1318,30770,245,31015
1319,30770,245,31015
1319,30770,245,31015
1320,30770,245,31015
1320,30770,245,31015
1321,30770,245,31015
1321,30770,245,31015
1322,30770,245,31015
1322,30770,245,31015
1323,30770,245,31015
1323,30770,245,31015
1324,30770,245,31015
1324,30770,245,31015
1325,30770,245,31015
1325,30770,245,31015
1326,30770,245,31015
1326,30770,245,31015
1327,30770,245,31015
1327,30770,245,31015
1328,30770,245,31015
1328,30770,245,31015
1329,30770,245,31015
1329,30770,245,31015
1330,30770,245,31015
1330,30770,245,31015
1331,30770,245,31015
1331,30770,245,31015
1332,30770,245,31015
1332,30770,245,31015
1333,30770,245,31015
1333,30770,245,31015
1334,30770,245,31015
1334,30770,245,31015
1335,30770,245,31015
1335,30770,245,31015
1336,30770,245,31015
1336,30770,245,31015
1337,30770,245,31015
1337,30770,245,31015
1338,30770,245,31015
1338,30770,245,31015
1339,30770,245,31015
1339,30770,245,31015
1340,30770,245,31015
1340,30770,245,31015
1341,30770,245,31015
1341,30770,245,31015
1342,30770,245,31015
1342,30770,245,31015
1343,30770,245,31015
1343,30770,245,31015
1344,30770,245,31015
1345,30770,245,31015
1345,30770,245,31015
1346,30770,245,31015
1346,30770,245,31015
1347,30770,245,31015
1347,30770,245,31015
1348,30770,245,31015
1348,30770,245,31015
1349,30770,245,31015
1349,30770,245,31015
1350,30770,245,31015
1350,30770,245,31015
1351,30770,245,31015
1351,30770,245,31015
1352,30770,245,31015
1352,30770,245,31015
1353,30770,245,31015
1353,30770,245,31015
1354,30770,245,31015
1354,30770,245,31015
1355,30770,245,31015
1355,30770,245,31015
1356,30770,245,31015
1356,30770,245,31015
1357,30770,245,31015
1357,30770,245,31015
1358,30770,245,31015
1358,30770,245,31015
1359,30770,245,31015
1359,30770,245,31015
1360,30770,245,31015
1360,30770,245,31015
1361,30770,245,31015
1361,30770,245,31015
1362,30770,245,31015
1362,30770,245,31015
1363,30770,245,31015
1363,30770,245,31015
1364,30770,245,31015
1364,30770,245,31015
1365,30770,245,31015
1365,30770,245,31015
1366,30770,245,31015
1366,30770,245,31015
1367,30770,245,31015
1367,30770,245,31015
1368,30770,245,31015
1368,30770,245,31015
1369,30770,245,31015
1369,30770,245,31015
1370,30770,245,31015
1370,30770,245,31015
1371,30770,245,31015
1371,30770,245,31015
1372,30770,245,31015
1372,30770,245,31015
1373,30770,245,31015
1373,30770,245,31015
1374,30770,245,31015
1374,30770,245,31015
1375,30770,245,31015
1375,30770,245,31015
1376,30770,245,31015
1376,30770,245,31015
1377,30770,245,31015
1377,30770,245,31015
1378,30770,245,31015
1378,30770,245,31015
1379,30770,245,31015
1379,30770,245,31015
1380,30770,245,31015
1380,30770,245,31015
1381,30770,245,31015
1381,30770,245,31015
1382,30770,245,31015
1383,30770,245,31015
1383,30770,245,31015
1384,30770,245,31015
1384,30770,245,31015
1385,30770,245,31015
1385,30770,245,31015
1386,30770,245,31015
1386,30770,245,31015
1387,30770,245,31015
1387,30770,245,31015
1388,30770,245,31015
1388,30770,245,31015
1389,30770,245,31015
1389,30770,245,31015
1390,30770,245,31015
1390,30770,245,31015
1391,30770,245,31015
1391,30770,245,31015
1392,30770,245,31015
1392,30770,245,31015
1393,30770,245,31015
1393,30770,245,31015
1394,30770,245,31015
1394,30770,245,31015
1395,30770,245,31015
1395,30770,245,31015
1396,30770,245,31015
1396,30770,245,31015
1397,30770,245,31015
1397,30770,245,31015
1398,30770,245,31015
1398,30770,245,31015
1399,30770,245,31015
1399,30770,245,31015
1400,30770,245,31015
1400,30770,245,31015
1401,30770,245,31015
1401,30770,245,31015
1402,30770,245,31015
1402,30770,245,31015
1403,30770,245,31015
1403,30770,245,31015
1404,30770,245,31015
1404,30770,245,31015
1405,30770,245,31015
1405,30770,245,31015
1406,30770,245,31015
1406,30770,245,31015
1407,30770,245,31015
1407,30770,245,31015
1408,30770,245,31015
1408,30770,245,31015
1409,30770,245,31015
1409,30770,245,31015
1410,30770,245,31015
1410,30770,245,31015
1411,30770,245,31015
1411,30770,245,31015
1412,30770,245,31015
1412,30770,245,31015
1413,30770,245,31015
1413,30770,245,31015
1414,30770,245,31015
1414,30770,245,31015
1415,30770,245,31015
1415,30770,245,31015
1416,30770,245,31015
1416,30770,245,31015
1417,30770,245,31015
1417,30770,245,31015
1418,30770,245,31015
1418,30770,245,31015
1419,30770,245,31015
1419,30770,245,31015
1420,30770,245,31015
1421,30770,245,31015
1421,30770,245,31015
1422,30770,245,31015
1422,30770,245,31015
1423,30770,245,31015
1423,30770,245,31015
1424,30770,245,31015
1424,30770,245,31015
1425,30770,245,31015
1425,30770,245,31015
1426,30770,245,31015
1426,30770,245,31015
1427,30770,245,31015
1427,30770,245,31015
1428,30770,245,31015
1428,30770,245,31015
1429,30770,245,31015
1429,30770,245,31015
1430,30770,245,31015
1430,30770,245,31015
1431,30770,245,31015
1431,30770,245,31015
1432,30770,245,31015
1432,30770,245,31015
1433,30770,245,31015
1433,30770,245,31015
1434,30770,245,31015
1434,30770,245,31015
1435,30770,245,31015
1435,30770,245,31015
1436,30770,245,31015
1436,30770,245,31015
1437,30770,245,31015
1437,30770,245,31015
1438,30770,245,31015
1438,30770,245,31015
1439,30770,245,31015
1439,30770,245,31015
1440,30770,245,31015
1440,30770,245,31015
1441,30770,245,31015
1441,30770,245,31015
1442,30770,245,31015
1442,30770,245,31015
1443,30770,245,31015
1443,30770,245,31015
1444,30770,245,31015
1444,30770,245,31015
1445,30770,245,31015
1445,30770,245,31015
1446,30770,245,31015
1446,30770,245,31015
1447,30770,245,31015
1447,30770,245,31015
1448,30770,245,31015
1448,30770,245,31015
1449,30770,245,31015
1449,30770,245,31015
1450,30770,245,31015
1450,30770,245,31015
1451,30770,245,31015
1451,30770,245,31015
1452,30770,245,31015
1452,30770,245,31015
1453,30770,245,31015
1453,30770,245,31015
1454,30770,245,31015
1454,30770,245,31015
1455,30770,245,31015
1455,30770,245,31015
1456,30770,245,31015
1456,30770,245,31015
1457,30770,245,31015
1457,30770,245,31015
1458,30770,245,31015
1459,30770,245,31015
1459,30770,245,31015
1460,30770,245,31015
1460,30770,245,31015
1461,30770,245,31015
1461,30770,245,31015
1462,30770,245,31015
1462,30770,245,31015
1463,30770,245,31015
1463,30770,245,31015
1464,30770,245,31015
1464,30770,245,31015
1465,30770,245,31015
1465,30770,245,31015
1466,30770,245,31015
1466,30770,245,31015
1467,30770,245,31015
1467,30770,245,31015
1468,30770,245,31015
1468,30770,245,31015
1469,30770,245,31015
1469,30770,245,31015
1470,30770,245,31015
1470,30770,245,31015
1471,30770,245,31015
1471,30770,245,31015
1472,30770,245,31015
1472,30770,245,31015
1473,30770,245,31015
1473,30770,245,31015
1474,30770,245,31015
1474,30770,245,31015
1475,30770,245,31015
1475,30770,245,31015
1476,30770,245,31015
1476,30770,245,31015
1477,30770,245,31015
1477,30770,245,31015
1478,30770,245,31015
1478,30770,245,31015
1479,30770,245,31015
1479,30770,245,31015
1480,30770,245,31015
1480,30770,245,31015
1481,30770,245,31015
1481,30770,245,31015
1482,30770,245,31015
1482,30770,245,31015
1483,30770,245,31015
1483,30770,245,31015
1484,30770,245,31015
1484,30770,245,31015
1485,30770,245,31015
1485,30770,245,31015
1486,30770,245,31015
1486,30770,245,31015
1487,30770,245,31015
1487,30770,245,31015
1488,30770,245,31015
1488,30770,245,31015
1489,30770,245,31015
1489,30770,245,31015
1490,30770,245,31015
1490,30770,245,31015
1491,30770,245,31015
1491,30770,245,31015
1492,30770,245,31015
1492,30770,245,31015
1493,30770,245,31015
1493,30770,245,31015
1494,30770,245,31015
1494,30770,245,31015
1495,30770,245,31015
1496,30770,245,31015
1496,30770,245,31015
1497,30770,245,31015
1497,30770,245,31015
1498,30770,245,31015
1498,30770,245,31015
1499,30770,245,31015
1499,30770,245,31015
1500,30770,245,31015
1500,30770,245,31015
1501,30770,245,31015
1501,30770,245,31015
1502,30770,245,31015
1502,30770,245,31015
1503,30770,245,31015
1503,30770,245,31015
1504,30770,245,31015
1504,30770,245,31015
1505,30770,245,31015
1505,30770,245,31015
1506,30770,245,31015
1506,30770,245,31015
1507,30770,245,31015
1507,30770,245,31015
1508,30770,245,31015
1508,30770,245,31015
1509,30770,245,31015
1509,30770,245,31015
1510,30770,245,31015
1510,30770,245,31015
1511,30770,245,31015
1511,30770,245,31015
1512,30770,245,31015
1512,30770,245,31015
1513,30770,245,31015
1513,30770,245,31015
1514,30770,245,31015
1514,30770,245,31015
1515,30770,245,31015
1515,30770,245,31015
1516,30770,245,31015
1516,30770,245,31015
1517,30770,245,31015
1517,30770,245,31015
1518,30770,245,31015
1518,30770,245,31015
1519,30770,245,31015
1519,30770,245,31015
1520,30770,245,31015
1520,30770,245,31015
1521,30770,245,31015
1521,30770,245,31015
1522,30770,245,31015
1522,30770,245,31015
1523,30770,245,31015
1523,30770,245,31015
1524,30770,245,31015
1524,30770,245,31015
1525,30770,245,31015
1525,30770,245,31015
1526,30770,245,31015
1526,30770,245,31015
1527,30770,245,31015
1527,30770,245,31015
1528,30770,245,31015
1528,30770,245,31015
1529,30770,245,31015
1529,30770,245,31015
1530,30770,245,31015
1530,30770,245,31015
1531,30770,245,31015
1531,30770,245,31015
1532,30770,245,31015
1532,30770,245,31015
1533,30770,245,31015
1534,30770,245,31015
1534,30770,245,31015
1535,30770,245,31015
1535,30770,245,31015
1536,30770,245,31015
1536,30770,245,31015
1537,30770,245,31015
1537,30770,245,31015
1538,30770,245,31015
1538,30770,245,31015
1539,30770,245,31015
1539,30770,245,31015
1540,30770,245,31015
1540,30770,245,31015
1541,30770,245,31015
1541,30770,245,31015
1542,30770,245,31015
1542,30770,245,31015
1543,30770,245,31015
1543,30770,245,31015
1544,30770,245,31015
1544,30770,245,31015
1545,30770,245,31015
1545,30770,245,31015
1546,30770,245,31015
1546,30770,245,31015
1547,30770,245,31015
1547,30770,245,31015
1548,30770,245,31015
1548,30770,245,31015
1549,30770,245,31015
1549,30770,245,31015
1550,30770,245,31015
1550,30770,245,31015
1551,30770,245,31015
1551,30770,245,31015
1552,30770,245,31015
1552,30770,245,31015
1553,30770,245,31015
1553,30770,245,31015
1554,30770,245,31015
1554,30770,245,31015
1555,30770,245,31015
1555,30770,245,31015
1556,30770,245,31015
1556,30770,245,31015
1557,30770,245,31015
1557,30770,245,31015
1558,30770,245,31015
1558,30770,245,31015
1559,30770,245,31015
1559,30770,245,31015
1560,30770,245,31015
1560,30770,245,31015
1561,30770,245,31015
1561,30770,245,31015
1562,30770,245,31015
1562,30770,245,31015
1563,30770,245,31015
1563,30770,245,31015
1564,30770,245,31015
1564,30770,245,31015
1565,30770,245,31015
1565,30770,245,31015
1566,30770,245,31015
1566,30770,245,31015
1567,30770,245,31015
1567,30770,245,31015
1568,30770,245,31015
1568,30770,245,31015
1569,30770,245,31015
1569,30770,245,31015
1570,30770,245,31015
1570,30770,245,31015
1571,30770,245,31015
1572,30770,245,31015
1572,30770,245,31015
1573,30770,245,31015
1573,30770,245,31015
1574,30770,245,31015
1574,30770,245,31015
1575,30770,245,31015
1575,30770,245,31015
1576,30770,245,31015
1576,30770,245,31015
1577,30770,245,31015
1577,30770,245,31015
1578,30770,245,31015
1578,30770,245,31015
1579,30770,245,31015
1579,30770,245,31015
1580,30770,245,31015
1580,30770,245,31015
1581,30770,245,31015
1581,30770,245,31015
1582,30770,245,31015
1582,30770,245,31015
1583,30770,245,31015
1583,30770,245,31015
1584,30770,245,31015
1584,30770,245,31015
1585,30770,245,31015
1585,30770,245,31015
1586,30770,245,31015
1586,30770,245,31015
1587,30770,245,31015
1587,30770,245,31015
1588,30770,245,31015
1588,30770,245,31015
1589,30770,245,31015
1589,30770,245,31015
1590,30770,245,31015
1590,30770,245,31015
1591,30770,245,31015
1591,30770,245,31015
1592,30770,245,31015
1592,30770,245,31015
1593,30770,245,31015
1593,30770,245,31015
1594,30770,245,31015
1594,30770,245,31015
1595,30770,245,31015
1595,30770,245,31015
1596,30770,245,31015
1596,30770,245,31015
1597,30770,245,31015
1597,30770,245,31015
1598,30770,245,31015
1598,30770,245,31015
1599,30770,245,31015
1599,30770,245,31015
1600,30770,245,31015
1600,30770,245,31015
1601,30770,245,31015
1601,30770,245,31015
1602,30770,245,31015
1602,30770,245,31015
1603,30770,245,31015
1603,30770,245,31015
1604,30770,245,31015
1604,30770,245,31015
1605,30770,245,31015
1605,30770,245,31015
1606,30770,245,31015
1606,30770,245,31015
1607,30770,245,31015
1607,30770,245,31015
1608,30770,245,31015
1608,30770,245,31015
1609,30770,245,31015
1610,30770,245,31015
1610,30770,245,31015
1611,30770,245,31015
1611,30770,245,31015
1612,30770,245,31015
1612,30770,245,31015
1613,30770,245,31015
1613,30770,245,31015
1614,30770,245,31015
1614,30770,245,31015
1615,30770,245,31015
1615,30770,245,31015
1616,30770,245,31015
1616,30770,245,31015
1617,30770,245,31015
1617,30770,245,31015
1618,30770,245,31015
1618,30770,245,31015
1619,30770,245,31015
1619,30770,245,31015
1620,30770,245,31015
1620,30770,245,31015
1621,30770,245,31015
1621,30770,245,31015
1622,30770,245,31015
1622,30770,245,31015
1623,30770,245,31015
1623,30770,245,31015
1624,30770,245,31015
1624,30770,245,31015
1625,30770,245,31015
1625,30770,245,31015
1626,30770,245,31015
1626,30770,245,31015
1627,30770,245,31015
1627,30770,245,31015
1628,30770,245,31015
1628,30770,245,31015
1629,30770,245,31015
1629,30770,245,31015
1630,30770,245,31015
1630,30770,245,31015
1631,30770,245,31015
1631,30770,245,31015
1632,30770,245,31015
1632,30770,245,31015
1633,30770,245,31015
1633,30770,245,31015
1634,30770,245,31015
1634,30770,245,31015
1635,30770,245,31015
1635,30770,245,31015
1636,30770,245,31015
1636,30770,245,31015
1637,30770,245,31015
1637,30770,245,31015
1638,30770,245,31015
1638,30770,245,31015
1639,30770,245,31015
1639,30770,245,31015
1640,30770,245,31015
1640,30770,245,31015
1641,30770,245,31015
1641,30770,245,31015
1642,30770,245,31015
1642,30770,245,31015
1643,30770,245,31015
1643,30770,245,31015
1644,30770,245,31015
1644,30770,245,31015
1645,30770,245,31015
1645,30770,245,31015
1646,30770,245,31015
1646,30770,245,31015
1647,30770,245,31015
1647,30770,245,31015
1648,30770,245,31015
1649,30770,245,31015
1649,30770,245,31015
1650,30770,245,31015
1650,30770,245,31015
1651,30770,245,31015
1651,30770,245,31015
1652,30770,245,31015
1652,30770,245,31015
1653,30770,245,31015
1653,30770,245,31015
1654,30770,245,31015
1654,30770,245,31015
1655,30770,245,31015
1655,30770,245,31015
1656,30770,245,31015
1656,30770,245,31015
1657,30770,245,31015
1657,30770,245,31015
1658,30770,245,31015
1658,30770,245,31015
1659,30770,245,31015
1659,30770,245,31015
1660,30770,245,31015
1660,30770,245,31015
1661,30770,245,31015
1661,30770,245,31015
1662,30770,245,31015
1662,30770,245,31015
1663,30770,245,31015
1663,30770,245,31015
1664,30770,245,31015
1664,30770,245,31015
1665,30770,245,31015
1665,30770,245,31015
1666,30770,245,31015
1666,30770,245,31015
1667,30770,245,31015
1667,30770,245,31015
1668,30770,245,31015
1668,30770,245,31015
1669,30770,245,31015
1669,30770,245,31015
1670,30770,245,31015
1670,30770,245,31015
1671,30770,245,31015
1671,30770,245,31015
1672,30770,245,31015
1672,30770,245,31015
1673,30770,245,31015
1673,30770,245,31015
1674,30770,245,31015
1674,30770,245,31015
1675,30770,245,31015
1675,30770,245,31015
1676,30770,245,31015
1676,30770,245,31015
1677,30770,245,31015
1677,30770,245,31015
1678,30770,245,31015
1678,30770,245,31015
1679,30770,245,31015
1679,30770,245,31015
1680,30770,245,31015
1680,30770,245,31015
1681,30770,245,31015
1681,30770,245,31015
1682,30770,245,31015
1682,30770,245,31015
1683,30770,245,31015
1683,30770,245,31015
1684,30770,245,31015
1684,30770,245,31015
1685,30770,245,31015
1686,30770,245,31015
1686,30770,245,31015
1687,30770,245,31015
1687,30770,245,31015
1688,30770,245,31015
1688,30770,245,31015
1689,30770,245,31015
1689,30770,245,31015
1690,30770,245,31015
1690,30770,245,31015
1691,30770,245,31015
1691,30770,245,31015
1692,30770,245,31015
1692,30770,245,31015
1693,30770,245,31015
1693,30770,245,31015
1694,30770,245,31015
1694,30770,245,31015
1695,30770,245,31015
1695,30770,245,31015
1696,30770,245,31015
1696,30770,245,31015
1697,30770,245,31015
1697,30770,245,31015
1698,30770,245,31015
1698,30770,245,31015
1699,30770,245,31015
1699,30770,245,31015
1700,30770,245,31015
1700,30770,245,31015
1701,30770,245,31015
1701,30770,245,31015
1702,30770,245,31015
1702,30770,245,31015
1703,30770,245,31015
1703,30770,245,31015
1704,30770,245,31015
1704,30770,245,31015
1705,30770,245,31015
1705,30770,245,31015
1706,30770,245,31015
1706,30770,245,31015
1707,30770,245,31015
1707,30770,245,31015
1708,30770,245,31015
1708,30770,245,31015
1709,30770,245,31015
1709,30770,245,31015
1710,30770,245,31015
1710,30770,245,31015
1711,30770,245,31015
1711,30770,245,31015
1712,30770,245,31015
1712,30770,245,31015
1713,30770,245,31015
1713,30770,245,31015
1714,30770,245,31015
1714,30770,245,31015
1715,30770,245,31015
1715,30770,245,31015
1716,30770,245,31015
1716,30770,245,31015
1717,30770,245,31015
1717,30770,245,31015
1718,30770,245,31015
1718,30770,245,31015
1719,30770,245,31015
1719,30770,245,31015
1720,30770,245,31015
1720,30770,245,31015
1721,30770,245,31015
1721,30770,245,31015
1722,30770,245,31015
1722,30770,245,31015
1723,30770,245,31015
1724,30770,246,31016
1724,30770,246,31016
1725,30770,246,31016
1725,30770,246,31016
1726,30770,246,31016
1726,30770,246,31016
1727,30770,246,31016
1727,30770,246,31016
1728,30770,246,31016
1728,30770,246,31016
1729,30770,246,31016
1729,30770,246,31016
1730,30770,246,31016
1730,30770,246,31016
1731,30770,246,31016
1731,30770,246,31016
1732,30770,246,31016
1732,30770,246,31016
1733,30770,246,31016
1733,30770,246,31016
1734,30770,246,31016
1734,30772,246,31018
1735,30772,246,31018
1735,30772,246,31018
1736,30772,246,31018
1736,30772,246,31018
1737,30772,246,31018
1737,30772,246,31018
1738,30772,246,31018
1738,30772,246,31018
1739,30772,246,31018
1739,30772,246,31018
1740,30772,246,31018
1740,30772,246,31018
1741,30772,246,31018
1741,30772,246,31018
1742,30772,246,31018
1742,30772,246,31018
1743,30772,246,31018
1743,30772,246,31018
1744,30772,246,31018
1744,30772,246,31018
1745,30772,246,31018
1745,30772,246,31018
1746,30772,246,31018
1746,30772,246,31018
1747,30772,246,31018
1747,30772,246,31018
1748,30772,246,31018
1748,30772,246,31018
1749,30772,246,31018
1749,30772,246,31018
1750,30772,246,31018
1750,30772,246,31018
1751,30772,246,31018
1751,30772,246,31018
1752,30772,246,31018
1752,30772,246,31018
1753,30772,246,31018
1753,30772,246,31018
1754,30772,246,31018
1754,30772,246,31018
1755,30772,246,31018
1755,30772,246,31018
1756,30772,246,31018
1756,30772,246,31018
1757,30772,246,31018
1758,30772,246,31018
1758,30772,246,31018
1759,30772,246,31018
1759,30772,246,31018
1760,30772,246,31018
1760,30772,246,31018
1761,30772,246,31018
1761,30772,246,31018
1762,30772,246,31018
1762,30772,246,31018
1763,30772,246,31018
1763,30772,246,31018
1764,30772,246,31018
1764,30772,246,31018
1765,30772,246,31018
1765,30772,246,31018
1766,30772,246,31018
1766,30772,246,31018
1767,30772,246,31018
1767,30772,246,31018
1768,30772,246,31018
1768,30772,246,31018
1769,30772,246,31018
1769,30772,246,31018
1770,30772,246,31018
1770,30772,246,31018
1771,30772,246,31018
1771,30772,246,31018
1772,30772,246,31018
1772,30772,246,31018
1773,30772,246,31018
1773,30772,246,31018
1774,30772,246,31018
1774,30772,246,31018
1775,30772,246,31018
1775,30772,246,31018
1776,30772,246,31018
1776,30772,246,31018
1777,30772,246,31018
1777,30772,246,31018
1778,30772,246,31018
1778,30772,246,31018
1779,30772,246,31018
1779,30772,246,31018
1780,30772,246,31018
1780,30772,246,31018
1781,30772,246,31018
1781,30772,246,31018
1782,30772,246,31018
1782,30772,246,31018
1783,30772,246,31018
1783,30772,246,31018
1784,30772,246,31018
1784,30772,246,31018
1785,30772,246,31018
1785,30772,246,31018
1786,30772,246,31018
1786,30772,246,31018
1787,30772,246,31018
1787,30772,246,31018
1788,30772,246,31018
1788,30772,246,31018
1789,30772,246,31018
1789,30772,246,31018
1790,30772,246,31018
1790,30772,246,31018
1791,30772,246,31018
1791,30772,246,31018
1792,30772,246,31018
1792,30772,246,31018
1793,30772,246,31018
1794,30772,246,31018
1794,30772,246,31018
1795,30772,246,31018
1795,30772,246,31018
1796,30772,246,31018
1796,30772,246,31018
1797,30772,246,31018
1797,30772,246,31018
1798,30772,246,31018
1798,30772,246,31018
1799,30772,246,31018
1799,30772,246,31018
1800,30772,246,31018
1800,30772,246,31018
1801,30772,246,31018
1801,30772,246,31018
1802,30772,246,31018
1802,30772,246,31018
1803,30772,246,31018
1803,30772,246,31018
1804,30772,246,31018
1804,30772,246,31018
1805,30772,246,31018
1805,30772,246,31018
1806,30772,246,31018
1806,30772,246,31018
1807,30772,246,31018
1807,30772,246,31018
1808,30772,246,31018
1808,30772,246,31018
1809,30772,246,31018
1809,30772,246,31018
1810,30772,246,31018
1810,30772,246,31018
1811,30772,246,31018
1811,30772,246,31018
1812,30772,246,31018
1812,30772,246,31018
1813,30772,246,31018
1813,30772,246,31018
1814,30772,246,31018
1814,30772,246,31018
1815,30772,246,31018
1815,30772,246,31018
1816,30772,246,31018
1816,30772,246,31018
1817,30772,246,31018
1817,30772,246,31018
1818,30772,246,31018
1818,30772,246,31018
1819,30772,246,31018
1819,30772,246,31018
1820,30772,246,31018
1820,30772,246,31018
1821,30772,246,31018
1821,30772,246,31018
1822,30772,246,31018
1822,30772,246,31018
1823,30772,246,31018
1823,30772,246,31018
1824,30772,246,31018
1824,30772,246,31018
1825,30772,246,31018
1825,30772,246,31018
1826,30772,246,31018
1826,30772,246,31018
1827,30772,246,31018
1827,30772,246,31018
1828,30772,246,31018
1828,30772,246,31018
1829,30772,246,31018
1829,30772,246,31018
1830,30772,246,31018
1830,30772,246,31018
1831,30772,246,31018
1832,30772,246,31018
1832,30772,246,31018
1833,30772,246,31018
1833,30772,246,31018
1834,30772,246,31018
1834,30772,246,31018
1835,30772,246,31018
1835,30772,246,31018
1836,30772,246,31018
1836,30772,246,31018
1837,30772,246,31018
1837,30772,246,31018
1838,30772,246,31018
1838,30772,246,31018
1839,30772,246,31018
1839,30772,246,31018
1840,30772,246,31018
1840,30772,246,31018
1841,30772,246,31018
1841,30772,246,31018
1842,30772,246,31018
1842,30772,246,31018
1843,30772,246,31018
1843,30772,246,31018
1844,30772,246,31018
1844,30772,246,31018
1845,30772,246,31018
1845,30772,246,31018
1846,30772,246,31018
1846,30772,246,31018
1847,30772,246,31018
1847,30772,246,31018
1848,30772,246,31018
1848,30772,246,31018
1849,30772,246,31018
1849,30772,246,31018
1850,30772,246,31018
1850,30772,246,31018
1851,30772,246,31018
1851,30772,246,31018
1852,30772,246,31018
1852,30772,246,31018
1853,30772,246,31018
1853,30772,246,31018
1854,30772,246,31018
1854,30772,246,31018
1855,30772,246,31018
1855,30772,246,31018
1856,30772,246,31018
1856,30772,246,31018
1857,30772,246,31018
1857,30772,246,31018
1858,30772,246,31018
1858,30772,246,31018
1859,30772,246,31018
1859,30772,246,31018
1860,30772,246,31018
1860,30772,246,31018
1861,30772,246,31018
1861,30772,246,31018
1862,30772,246,31018
1862,30772,246,31018
1863,30772,246,31018
1863,30772,246,31018
1864,30772,246,31018
1864,30772,246,31018
1865,30772,246,31018
1865,30772,246,31018
1866,30772,246,31018
1866,30772,246,31018
1867,30772,246,31018
1867,30772,246,31018
1868,30772,246,31018
1869,30772,246,31018
1869,30772,246,31018
1870,30772,246,31018
1870,30772,246,31018
1871,30772,246,31018
1871,30772,246,31018
1872,30772,246,31018
1872,30772,246,31018
1873,30772,246,31018
1873,30772,246,31018
1874,30772,246,31018
1874,30772,246,31018
1875,30772,246,31018
1875,30772,246,31018
1876,30772,246,31018
1876,30772,246,31018
1877,30772,246,31018
1877,30772,246,31018
1878,30772,246,31018
1878,30772,246,31018
1879,30772,246,31018
1879,30772,246,31018
1880,30772,246,31018
1880,30772,246,31018
1881,30772,246,31018
1881,30772,246,31018
1882,30772,246,31018
1882,30772,246,31018
1883,30772,246,31018
1883,30772,246,31018
1884,30772,246,31018
1884,30772,246,31018
1885,30772,246,31018
1885,30772,246,31018
1886,30772,246,31018
1886,30772,246,31018
1887,30772,246,31018
1887,30772,246,31018
1888,30772,246,31018
1888,30772,246,31018
1889,30772,246,31018
1889,30772,246,31018
1890,30772,246,31018
1890,30772,246,31018
1891,30772,246,31018
1891,30772,246,31018
1892,30772,246,31018
1892,30772,246,31018
1893,30772,246,31018
1893,30772,246,31018
1894,30772,246,31018
1894,30772,246,31018
1895,30772,246,31018
1895,30772,246,31018
1896,30772,246,31018
1896,30772,246,31018
1897,30772,246,31018
1897,30772,246,31018
1898,30772,246,31018
1898,30772,246,31018
1899,30772,246,31018
1899,30772,246,31018
1900,30772,246,31018
1900,30772,246,31018
1901,30772,246,31018
1901,30772,246,31018
1902,30772,246,31018
1902,30772,246,31018
1903,30772,246,31018
1903,30772,246,31018
1904,30772,246,31018
1904,30772,246,31018
1905,30772,246,31018
1905,30772,246,31018
1906,30772,246,31018
1907,30772,246,31018
1907,30772,246,31018
1908,30772,246,31018
1908,30772,246,31018
1909,30772,246,31018
1909,30772,246,31018
1910,30772,246,31018
1910,30772,246,31018
1911,30772,246,31018
1911,30772,246,31018
1912,30772,246,31018
1912,30772,246,31018
1913,30772,246,31018
1913,30772,246,31018
1914,30772,246,31018
1914,30772,246,31018
1915,30772,246,31018
1915,30772,246,31018
1916,30772,246,31018
1916,30772,246,31018
1917,30772,246,31018
1917,30772,246,31018
1918,30772,246,31018
1918,30772,246,31018
1919,30772,246,31018
1919,30772,246,31018
1920,30772,246,31018
1920,30772,246,31018
1921,30772,246,31018
1921,30772,246,31018
1922,30772,246,31018
1922,30772,246,31018
1923,30772,246,31018
1923,30772,246,31018
1924,30772,246,31018
1924,30772,246,31018
1925,30772,246,31018
1925,30772,246,31018
1926,30772,246,31018
1926,30772,246,31018
1927,30772,246,31018
1927,30772,246,31018
1928,30772,246,31018
1928,30772,246,31018
1929,30772,246,31018
1929,30772,246,31018
1930,30772,246,31018
1930,30772,246,31018
1931,30772,246,31018
1931,30772,246,31018
1932,30772,246,31018
1932,30772,246,31018
1933,30772,246,31018
1933,30772,246,31018
1934,30772,246,31018
1934,30772,246,31018
1935,30772,246,31018
1935,30772,246,31018
1936,30772,246,31018
1936,30772,246,31018
1937,30772,246,31018
1937,30772,246,31018
1938,30772,246,31018
1938,30772,246,31018
1939,30772,246,31018
1939,30772,246,31018
1940,30772,246,31018
1940,30772,246,31018
1941,30772,246,31018
1941,30772,246,31018
1942,30772,246,31018
1942,30772,246,31018
1943,30772,246,31018
1943,30772,246,31018
1944,30772,246,31018
1945,30772,246,31018
1945,30772,246,31018
1946,30772,246,31018
1946,30772,246,31018
1947,30772,246,31018
1947,30772,246,31018
1948,30772,246,31018
1948,30772,246,31018
1949,30772,246,31018
1949,30772,246,31018
1950,30772,246,31018
1950,30772,246,31018
1951,30772,246,31018
1951,30772,246,31018
1952,30772,246,31018
1952,30772,246,31018
1953,30772,246,31018
1953,30772,246,31018
1954,30772,246,31018
1954,30772,246,31018
1955,30772,246,31018
1955,30772,246,31018
1956,30772,246,31018
1956,30772,246,31018
1957,30772,246,31018
1957,30772,246,31018
1958,30772,246,31018
1958,30772,246,31018
1959,30772,246,31018
1959,30772,246,31018
1960,30772,246,31018
1960,30772,246,31018
1961,30772,246,31018
1961,30772,246,31018
1962,30772,246,31018
1962,30772,246,31018
1963,30772,246,31018
1963,30772,246,31018
1964,30772,246,31018
1964,30772,246,31018
1965,30772,246,31018
1965,30772,246,31018
1966,30772,246,31018
1966,30772,246,31018
1967,30772,246,31018
1967,30772,246,31018
1968,30772,246,31018
1968,30772,246,31018
1969,30772,246,31018
1969,30772,246,31018
1970,30772,246,31018
1970,30772,246,31018
1971,30772,246,31018
1971,30772,246,31018
1972,30772,246,31018
1972,30772,246,31018
1973,30772,246,31018
1973,30772,246,31018
1974,30772,246,31018
1974,30772,246,31018
1975,30772,246,31018
1975,30772,246,31018
1976,30772,246,31018
1976,30772,246,31018
1977,30772,246,31018
1977,30772,246,31018
1978,30772,246,31018
1978,30772,246,31018
1979,30772,246,31018
1979,30772,246,31018
1980,30772,246,31018
1980,30772,246,31018
1981,30772,246,31018
1982,30772,246,31018
1982,30772,246,31018
1983,30772,246,31018
1983,30772,246,31018
1984,30772,246,31018
1984,30772,246,31018
1985,30772,246,31018
1985,30772,246,31018
1986,30772,246,31018
1986,30772,246,31018
1987,30772,246,31018
1987,30772,246,31018
1988,30772,246,31018
1988,30772,246,31018
1989,30772,246,31018
1989,30772,246,31018
1990,30772,246,31018
1990,30772,246,31018
1991,30772,246,31018
1991,30772,246,31018
1992,30772,246,31018
1992,30772,246,31018
1993,30772,246,31018
1993,30772,246,31018
1994,30772,246,31018
1994,30772,246,31018
1995,30772,246,31018
1995,30772,246,31018
1996,30772,246,31018
1996,30772,246,31018
1997,30772,246,31018
1997,30772,246,31018
1998,30772,246,31018
1998,30772,246,31018
1999,30772,246,31018
1999,30772,246,31018
2000,30772,246,31018
2000,30772,246,31018
2001,30772,246,31018
2001,30772,246,31018
2002,30772,246,31018
2002,30772,246,31018
2003,30772,246,31018
2003,30772,246,31018
2004,30772,246,31018
2004,30772,246,31018
2005,30772,246,31018
2005,30772,246,31018
2006,30772,246,31018
2006,30772,246,31018
2007,30772,246,31018
2007,30772,246,31018
2008,30772,246,31018
2008,30772,246,31018
2009,30772,246,31018
2009,30772,246,31018
2010,30772,246,31018
2010,30772,246,31018
2011,30772,246,31018
2011,30772,246,31018
2012,30772,246,31018
2012,30772,246,31018
2013,30772,246,31018
2013,30772,246,31018
2014,30772,246,31018
2014,30772,246,31018
2015,30772,246,31018
2015,30772,246,31018
2016,30772,246,31018
2016,30772,246,31018
2017,30772,246,31018
2017,30772,246,31018
2018,30772,246,31018
2018,30772,246,31018
2019,30772,246,31018
2020,30772,246,31018
2020,30772,246,31018
2021,30772,246,31018
2021,30772,246,31018
2022,30772,246,31018
2022,30772,246,31018
2023,30772,246,31018
2023,30772,246,31018
2024,30772,246,31018
2024,30772,246,31018
2025,30772,246,31018
2025,30772,246,31018
2026,30772,246,31018
2026,30772,246,31018
2027,30772,246,31018
2027,30772,246,31018
2028,30772,246,31018
2028,30772,246,31018
2029,30772,246,31018
2029,30772,246,31018
2030,30772,246,31018
2030,30772,246,31018
2031,30772,246,31018
2031,30772,246,31018
2032,30772,246,31018
2032,30772,246,31018
2033,30772,246,31018
2033,30772,246,31018
2034,30772,246,31018
2034,30772,246,31018
2035,30772,246,31018
2035,30772,246,31018
2036,30772,246,31018
2036,30772,246,31018
2037,30772,246,31018
2037,30772,246,31018
2038,30772,246,31018
2038,30772,246,31018
2039,30772,246,31018
2039,30772,246,31018
2040,30772,246,31018
2040,30772,246,31018
2041,30772,246,31018
2041,30772,246,31018
2042,30772,246,31018
2042,30772,246,31018
2043,30772,246,31018
2043,30772,246,31018
2044,30772,246,31018
2044,30772,246,31018
2045,30772,246,31018
2045,30772,246,31018
2046,30772,246,31018
2046,30772,246,31018
2047,30772,246,31018
2047,30772,246,31018
2048,30772,246,31018
2048,30772,246,31018
2049,30772,246,31018
2049,30772,246,31018
2050,30772,246,31018
2050,30772,246,31018
2051,30772,246,31018
2051,30772,246,31018
2052,30772,246,31018
2052,30772,246,31018
2053,30772,246,31018
2053,30772,246,31018
2054,30772,246,31018
2054,30772,246,31018
2055,30772,246,31018
2055,30772,246,31018
2056,30772,246,31018
2056,30772,246,31018
2057,30772,246,31018
2058,30772,246,31018
2058,30772,246,31018
2059,30772,246,31018
2059,30772,246,31018
2060,30772,246,31018
2060,30772,246,31018
2061,30772,246,31018
2061,30772,246,31018
2062,30772,246,31018
2062,30772,246,31018
2063,30772,246,31018
2063,30772,246,31018
2064,30772,246,31018
2064,30772,246,31018
2065,30772,246,31018
2065,30772,246,31018
2066,30772,246,31018
2066,30772,246,31018
2067,30772,246,31018
2067,30772,246,31018
2068,30772,246,31018
2068,30772,246,31018
2069,30772,246,31018
2069,30772,246,31018
2070,30772,246,31018
2070,30772,246,31018
2071,30772,246,31018
2071,30772,246,31018
2072,30772,246,31018
2072,30772,246,31018
2073,30772,246,31018
2073,30772,246,31018
2074,30772,246,31018
2074,30772,246,31018
2075,30772,246,31018
2075,30772,246,31018
2076,30772,246,31018
2076,30772,246,31018
2077,30772,246,31018
2077,30772,246,31018
2078,30772,246,31018
2078,30772,246,31018
2079,30772,246,31018
2079,30772,246,31018
2080,30772,246,31018
2080,30772,246,31018
2081,30772,246,31018
2081,30772,246,31018
2082,30772,246,31018
2082,30772,246,31018
2083,30772,246,31018
2083,30772,246,31018
2084,30772,246,31018
2084,30772,246,31018
2085,30772,246,31018
2085,30772,246,31018
2086,30772,246,31018
2086,30772,246,31018
2087,30772,246,31018
2087,30772,246,31018
2088,30772,246,31018
2088,30772,246,31018
2089,30772,246,31018
2089,30772,246,31018
2090,30772,246,31018
2090,30772,246,31018
2091,30772,246,31018
2091,30772,246,31018
2092,30772,246,31018
2092,30772,246,31018
2093,30772,246,31018
2093,30772,246,31018
2094,30772,246,31018
2094,30772,246,31018
2095,30772,246,31018
2095,30772,246,31018
2096,30772,246,31018
2097,30772,246,31018
2097,30772,246,31018
2098,30772,246,31018
2098,30772,246,31018
2099,30772,246,31018
2099,30772,246,31018
2100,30772,246,31018
2100,30772,246,31018
2101,30772,246,31018
2101,30772,246,31018
2102,30772,246,31018
2102,30772,246,31018
2103,30772,246,31018
2103,30772,246,31018
2104,30772,246,31018
2104,30772,246,31018
2105,30772,246,31018
2105,30772,246,31018
2106,30772,246,31018
2106,30772,246,31018
2107,30772,246,31018
2107,30772,246,31018
2108,30772,246,31018
2108,30772,246,31018
2109,30772,246,31018
2109,30772,246,31018
2110,30772,246,31018
2110,30772,246,31018
2111,30772,246,31018
2111,30772,246,31018
2112,30772,246,31018
2112,30772,246,31018
2113,30772,246,31018
2113,30772,246,31018
2114,30772,246,31018
2114,30772,246,31018
2115,30772,246,31018
2115,30772,246,31018
2116,30772,246,31018
2116,30772,246,31018
2117,30772,246,31018
2117,30772,246,31018
2118,30772,246,31018
2118,30772,246,31018
2119,30772,246,31018
2119,30772,246,31018
2120,30772,246,31018
2120,30772,246,31018
2121,30772,246,31018
2121,30772,246,31018
2122,30772,246,31018
2122,30772,246,31018
2123,30772,246,31018
2123,30772,246,31018
2124,30772,246,31018
2124,30772,246,31018
2125,30772,246,31018
2125,30772,246,31018
2126,30772,246,31018
2126,30772,246,31018
2127,30772,246,31018
2127,30772,246,31018
2128,30772,246,31018
2128,30772,246,31018
2129,30772,246,31018
2129,30772,246,31018
2130,30772,246,31018
2130,30772,246,31018
2131,30772,246,31018
2131,30772,246,31018
2132,30772,246,31018
2132,30772,246,31018
2133,30772,246,31018
2134,30772,246,31018
2134,30772,246,31018
2135,30772,246,31018
2135,30772,246,31018
2136,30772,246,31018
2136,30772,246,31018
2137,30772,246,31018
2137,30772,246,31018
2138,30772,246,31018
2138,30772,246,31018
2139,30772,246,31018
2139,30772,246,31018
2140,30772,246,31018
2140,30772,246,31018
2141,30772,246,31018
2141,30772,246,31018
2142,30772,246,31018
2142,30772,246,31018
2143,30772,246,31018
2143,30772,246,31018
2144,30772,246,31018
2144,30772,246,31018
2145,30772,246,31018
2145,30772,246,31018
2146,30772,246,31018
2146,30772,246,31018
2147,30772,246,31018
2147,30772,246,31018
2148,30772,246,31018
2148,30772,246,31018
2149,30772,246,31018
2149,30772,246,31018
2150,30772,246,31018
2150,30772,246,31018
2151,30772,246,31018
2151,30772,246,31018
2152,30772,246,31018
2152,30772,246,31018
2153,30772,246,31018
2153,30772,246,31018
2154,30772,246,31018
2154,30772,246,31018
2155,30772,246,31018
2155,30772,246,31018
2156,30772,246,31018
2156,30772,246,31018
2157,30772,246,31018
2157,30772,246,31018
2158,30772,246,31018
2158,30772,246,31018
2159,30772,246,31018
2159,30772,246,31018
2160,30772,246,31018
2160,30772,246,31018
2161,30772,246,31018
2161,30772,246,31018
2162,30772,246,31018
2162,30772,246,31018
2163,30772,246,31018
2163,30772,246,31018
2164,30772,246,31018
2164,30772,246,31018
2165,30772,246,31018
2165,30772,246,31018
2166,30772,246,31018
2166,30772,246,31018
2167,30772,246,31018
2167,30772,246,31018
2168,30772,246,31018
2168,30772,246,31018
2169,30772,246,31018
2169,30772,246,31018
2170,30772,246,31018
2170,30772,246,31018
2171,30772,246,31018
2172,30772,246,31018
2172,30772,246,31018
2173,30772,246,31018
2173,30772,246,31018
2174,30772,246,31018
2174,30772,246,31018
2175,30772,246,31018
2175,30772,246,31018
2176,30772,246,31018
2176,30772,246,31018
2177,30772,246,31018
2177,30772,246,31018
2178,30772,246,31018
2178,30772,246,31018
2179,30772,246,31018
2179,30772,246,31018
2180,30772,246,31018
2180,30772,246,31018
2181,30772,246,31018
2181,30772,246,31018
2182,30772,246,31018
2182,30772,246,31018
2183,30772,246,31018
2183,30772,246,31018
2184,30772,246,31018
2184,30772,246,31018
2185,30772,246,31018
2185,30772,246,31018
2186,30772,246,31018
2186,30772,246,31018
2187,30772,246,31018
2187,30772,246,31018
2188,30772,246,31018
2188,30772,246,31018
2189,30772,246,31018
2189,30772,246,31018
2190,30772,246,31018
2190,30772,246,31018
2191,30772,246,31018
2191,30772,246,31018
2192,30772,246,31018
2192,30772,246,31018
2193,30772,246,31018
2193,30772,246,31018
2194,30772,246,31018
2194,30772,246,31018
2195,30772,246,31018
2195,30772,246,31018
2196,30772,246,31018
2196,30772,246,31018
2197,30772,246,31018
2197,30772,246,31018
2198,30772,246,31018
2198,30772,246,31018
2199,30772,246,31018
2199,30772,246,31018
2200,30772,246,31018
2200,30772,246,31018
2201,30772,246,31018
2201,30772,246,31018
2202,30772,246,31018
2202,30772,246,31018
2203,30772,246,31018
2203,30772,246,31018
2204,30772,246,31018
2204,30772,246,31018
2205,30772,246,31018
2205,30772,246,31018
2206,30772,246,31018
2206,30772,246,31018
2207,30772,246,31018
2207,30772,246,31018
2208,30772,246,31018
2208,30772,246,31018
2209,30772,246,31018
2210,30772,246,31018
2210,30772,246,31018
2211,30772,246,31018
2211,30772,246,31018
2212,30772,246,31018
2212,30772,246,31018
2213,30772,246,31018
2213,30772,246,31018
2214,30772,246,31018
2214,30772,246,31018
2215,30772,246,31018
2215,30772,246,31018
2216,30772,246,31018
2216,30772,246,31018
2217,30772,246,31018
2217,30772,246,31018
2218,30772,246,31018
2218,30772,246,31018
2219,30772,246,31018
2219,30772,246,31018
2220,30772,246,31018
2220,30772,246,31018
2221,30772,246,31018
2221,30772,246,31018
2222,30772,246,31018
2222,30772,246,31018
2223,30772,246,31018
2223,30772,246,31018
2224,30772,246,31018
2224,30772,246,31018
2225,30772,246,31018
2225,30772,246,31018
2226,30772,246,31018
2226,30772,246,31018
2227,30772,246,31018
2227,30772,246,31018
2228,30772,246,31018
2228,30772,246,31018
2229,30772,246,31018
2229,30772,246,31018
2230,30772,246,31018
2230,30772,246,31018
2231,30772,246,31018
2231,30772,246,31018
2232,30772,246,31018
2232,30772,246,31018
2233,30772,246,31018
2233,30772,246,31018
2234,30772,246,31018
2234,30772,246,31018
2235,30772,246,31018
2235,30772,246,31018
2236,30772,246,31018
2236,30772,246,31018
2237,30772,246,31018
2237,30772,246,31018
2238,30772,246,31018
2238,30772,246,31018
2239,30772,246,31018
2239,30772,246,31018
2240,30772,246,31018
2240,30772,246,31018
2241,30772,246,31018
2241,30772,246,31018
2242,30772,246,31018
2242,30772,246,31018
2243,30772,246,31018
2243,30772,246,31018
2244,30772,246,31018
2244,30772,246,31018
2245,30772,246,31018
2245,30772,246,31018
2246,30772,246,31018
2246,30772,246,31018
2247,30772,246,31018
2247,30772,246,31018
2248,30772,246,31018
2249,30772,246,31018
2249,30772,246,31018
2250,30772,246,31018
2250,30772,246,31018
2251,30772,246,31018
2251,30772,246,31018
2252,30772,246,31018
2252,30772,246,31018
2253,30772,246,31018
2253,30772,246,31018
2254,30772,246,31018
2254,30772,246,31018
2255,30772,246,31018
2255,30772,246,31018
2256,30772,246,31018
2256,30772,246,31018
2257,30772,246,31018
2257,30772,246,31018
2258,30772,246,31018
2258,30772,246,31018
2259,30772,246,31018
2259,30772,246,31018
2260,30772,246,31018
2260,30772,246,31018
2261,30772,246,31018
2261,30772,246,31018
2262,30772,246,31018
2262,30772,246,31018
2263,30772,246,31018
2263,30772,246,31018
2264,30772,246,31018
2264,30772,246,31018
2265,30772,246,31018
2265,30772,246,31018
2266,30772,246,31018
2266,30772,246,31018
2267,30772,246,31018
2267,30772,246,31018
2268,30772,246,31018
2268,30772,246,31018
2269,30772,246,31018
2269,30772,246,31018
2270,30772,246,31018
2270,30772,246,31018
2271,30772,246,31018
2271,30772,246,31018
2272,30772,246,31018
2272,30772,246,31018
2273,30772,246,31018
2273,30772,246,31018
2274,30772,246,31018
2274,30772,246,31018
2275,30772,246,31018
2275,30772,246,31018
2276,30772,246,31018
2276,30772,246,31018
2277,30772,246,31018
2277,30772,246,31018
2278,30772,246,31018
2278,30772,246,31018
2279,30772,246,31018
2279,30772,246,31018
2280,30772,246,31018
2280,30772,246,31018
2281,30772,246,31018
2281,30772,246,31018
2282,30772,246,31018
2282,30772,246,31018
2283,30772,246,31018
2283,30772,246,31018
2284,30772,246,31018
2284,30772,246,31018
2285,30772,246,31018
2285,30772,246,31018
2286,30772,246,31018
2287,30772,246,31018
2287,30772,246,31018
2288,30772,246,31018
2288,30772,246,31018
2289,30772,246,31018
2289,30772,246,31018
2290,30772,246,31018
2290,30772,246,31018
2291,30772,246,31018
2291,30772,246,31018
2292,30772,246,31018
2292,30772,246,31018
2293,30772,246,31018
2293,30772,246,31018
2294,30772,246,31018
2294,30772,246,31018
2295,30772,246,31018
2295,30772,246,31018
2296,30772,246,31018
2296,30772,246,31018
2297,30772,246,31018
2297,30772,246,31018
2298,30772,246,31018
2298,30772,246,31018
2299,30772,246,31018
2299,30772,246,31018
2300,30772,246,31018
2300,30772,246,31018
2301,30772,246,31018
2301,30772,246,31018
2302,30772,246,31018
2302,30772,246,31018
2303,30772,246,31018
2303,30772,246,31018
2304,30772,246,31018
2304,30772,246,31018
2305,30772,246,31018
2305,30772,246,31018
2306,30772,246,31018
2306,30772,246,31018
2307,30772,246,31018
2307,30772,246,31018
2308,30772,246,31018
2308,30772,246,31018
2309,30772,246,31018
2309,30772,246,31018
2310,30772,246,31018
2310,30772,246,31018
2311,30772,246,31018
2311,30772,246,31018
2312,30772,246,31018
2312,30772,246,31018
2313,30772,246,31018
2313,30772,246,31018
2314,30772,246,31018
2314,30772,246,31018
2315,30772,246,31018
2315,30772,246,31018
2316,30772,246,31018
2316,30772,246,31018
2317,30772,246,31018
2317,30772,246,31018
2318,30772,246,31018
2318,30772,246,31018
2319,30772,246,31018
2319,30772,246,31018
2320,30772,246,31018
2320,30772,246,31018
2321,30772,246,31018
2321,30772,246,31018
2322,30772,246,31018
2322,30772,246,31018
2323,30772,246,31018
2323,30772,246,31018
2324,30772,246,31018
2325,30772,246,31018
2325,30772,246,31018
2326,30772,246,31018
2326,30772,246,31018
2327,30772,246,31018
2327,30772,246,31018
2328,30772,246,31018
2328,30772,246,31018
2329,30772,246,31018
2329,30772,246,31018
2330,30772,246,31018
2330,30772,246,31018
2331,30772,246,31018
2331,30772,246,31018
2332,30772,246,31018
2332,30772,246,31018
2333,30772,246,31018
2333,30772,246,31018
2334,30772,246,31018
2334,30772,246,31018
2335,30772,246,31018
2335,30772,246,31018
2336,30772,246,31018
2336,30772,246,31018
2337,30772,246,31018
2337,30772,246,31018
2338,30772,246,31018
2338,30772,246,31018
2339,30772,246,31018
2339,30772,246,31018
2340,30772,246,31018
2340,30772,246,31018
2341,30772,246,31018
2341,30772,246,31018
2342,30772,246,31018
2342,30772,246,31018
2343,30772,246,31018
2343,30772,246,31018
2344,30772,246,31018
2344,30772,246,31018
2345,30772,246,31018
2345,30772,246,31018
2346,30772,246,31018
2346,30772,246,31018
2347,30772,246,31018
2347,30772,246,31018
2348,30772,246,31018
2348,30772,246,31018
2349,30772,246,31018
2349,30772,246,31018
2350,30772,246,31018
2350,30772,246,31018
2351,30772,246,31018
2351,30772,246,31018
2352,30772,246,31018
2352,30772,246,31018
2353,30772,246,31018
2353,30772,246,31018
2354,30772,246,31018
2354,30772,246,31018
2355,30772,246,31018
2355,30772,246,31018
2356,30772,246,31018
2356,30772,246,31018
2357,30772,246,31018
2357,30772,246,31018
2358,30772,246,31018
2358,30772,246,31018
2359,30772,246,31018
2359,30772,246,31018
2360,30772,246,31018
2360,30772,246,31018
2361,30772,246,31018
2362,30772,246,31018
2362,30772,246,31018
2363,30772,246,31018
2363,30772,246,31018
2364,30772,246,31018
2364,30772,246,31018
2365,30772,246,31018
2365,30772,246,31018
2366,30772,246,31018
2366,30772,246,31018
2367,30772,246,31018
2367,30772,246,31018
2368,30772,246,31018
2368,30772,246,31018
2369,30772,246,31018
2369,30772,246,31018
2370,30772,246,31018
2370,30772,246,31018
2371,30772,246,31018
2371,30772,246,31018
2372,30772,246,31018
2372,30772,246,31018
2373,30772,246,31018
2373,30772,246,31018
2374,30772,246,31018
2374,30772,246,31018
2375,30772,246,31018
2375,30772,246,31018
2376,30772,246,31018
2376,30772,246,31018
2377,30772,246,31018
2377,30772,246,31018
2378,30772,246,31018
2378,30772,246,31018
2379,30772,246,31018
2379,30772,246,31018
2380,30772,246,31018
2380,30772,246,31018
2381,30772,246,31018
2381,30772,246,31018
2382,30772,246,31018
2382,30772,246,31018
2383,30772,246,31018
2383,30772,246,31018
2384,30772,246,31018
2384,30772,246,31018
2385,30772,246,31018
2385,30772,246,31018
2386,30772,246,31018
2386,30772,246,31018
2387,30772,246,31018
2387,30772,246,31018
2388,30772,246,31018
2388,30772,246,31018
2389,30772,246,31018
2389,30772,246,31018
2390,30772,246,31018
2390,30772,246,31018
2391,30772,246,31018
2391,30772,246,31018
2392,30772,246,31018
2392,30772,246,31018
2393,30772,246,31018
2393,30772,246,31018
2394,30772,246,31018
2394,30772,246,31018
2395,30772,246,31018
2395,30772,246,31018
2396,30772,246,31018
2396,30772,246,31018
2397,30772,246,31018
2397,30772,246,31018
2398,30772,246,31018
2398,30772,246,31018
2399,30772,246,31018
2399,30772,246,31018
2400,30772,246,31018
2401,30772,246,31018
2401,30772,246,31018
2402,30772,246,31018
2402,30772,246,31018
2403,30772,246,31018
2403,30772,246,31018
2404,30772,246,31018
2404,30772,246,31018
2405,30772,246,31018
2405,30772,246,31018
2406,30772,246,31018
2406,30772,246,31018
2407,30772,246,31018
2407,30772,246,31018
2408,30772,246,31018
2408,30772,246,31018
2409,30772,246,31018
2409,30772,246,31018
2410,30772,246,31018
2410,30772,246,31018
2411,30772,246,31018
2411,30772,246,31018
2412,30772,246,31018
2412,30772,246,31018
2413,30772,246,31018
2413,30772,246,31018
2414,30772,246,31018
2414,30772,246,31018
2415,30772,246,31018
2415,30772,246,31018
2416,30772,246,31018
2416,30772,246,31018
2417,30772,246,31018
2417,30772,246,31018
2418,30772,246,31018
2418,30772,246,31018
2419,30772,246,31018
2419,30772,246,31018
2420,30772,246,31018
2420,30772,246,31018
2421,30772,246,31018
2421,30772,246,31018
2422,30772,246,31018
2422,30772,246,31018
2423,30772,246,31018
2423,30772,246,31018
2424,30772,246,31018
2424,30772,246,31018
2425,30772,246,31018
2425,30772,246,31018
2426,30772,246,31018
2426,30772,246,31018
2427,30772,246,31018
2427,30772,246,31018
2428,30772,246,31018
2428,30772,246,31018
2429,30772,246,31018
2429,30772,246,31018
2430,30772,246,31018
2430,30772,246,31018
2431,30772,246,31018
2431,30772,246,31018
2432,30772,246,31018
2432,30772,246,31018
2433,30772,246,31018
2433,30772,246,31018
2434,30772,246,31018
2434,30772,246,31018
2435,30772,246,31018
2435,30772,246,31018
2436,30772,246,31018
2436,30772,246,31018
2437,30772,246,31018
2438,30772,246,31018
2438,30772,246,31018
2439,30772,246,31018
2439,30772,246,31018
2440,30772,246,31018
2440,30772,246,31018
2441,30772,246,31018
2441,30772,246,31018
2442,30772,246,31018
2442,30772,246,31018
2443,30772,246,31018
2443,30772,246,31018
2444,30772,246,31018
2444,30772,246,31018
2445,30772,246,31018
2445,30772,246,31018
2446,30772,246,31018
2446,30772,246,31018
2447,30772,246,31018
2447,30772,246,31018
2448,30772,246,31018
2448,30772,246,31018
2449,30772,246,31018
2449,30772,246,31018
2450,30772,246,31018
2450,30772,246,31018
2451,30772,246,31018
2451,30772,246,31018
2452,30772,246,31018
2452,30772,246,31018
2453,30772,246,31018
2453,30772,246,31018
2454,30772,246,31018
2454,30772,246,31018
2455,30772,246,31018
2455,30772,246,31018
2456,30772,246,31018
2456,30772,246,31018
2457,30772,246,31018
2457,30772,246,31018
2458,30772,246,31018
2458,30772,246,31018
2459,30772,246,31018
2459,30772,246,31018
2460,30772,246,31018
2460,30772,246,31018
2461,30772,246,31018
2461,30772,246,31018
2462,30772,246,31018
2462,30772,246,31018
2463,30772,246,31018
2463,30772,246,31018
2464,30772,246,31018
2464,30772,246,31018
2465,30772,246,31018
2465,30772,246,31018
2466,30772,246,31018
2466,30772,246,31018
2467,30772,246,31018
2467,30772,246,31018
2468,30772,246,31018
2468,30772,246,31018
2469,30772,246,31018
2469,30772,246,31018
2470,30772,246,31018
2470,30772,246,31018
2471,30772,246,31018
2471,30772,246,31018
2472,30772,246,31018
2472,30772,246,31018
2473,30772,246,31018
2473,30772,246,31018
2474,30772,246,31018
2474,30772,246,31018
2475,30772,246,31018
2476,30772,246,31018
2476,30772,246,31018
2477,30772,246,31018
2477,30772,246,31018
2478,30772,246,31018
2478,30772,246,31018
2479,30772,246,31018
2479,30772,246,31018
2480,30772,246,31018
2480,30772,246,31018
2481,30772,246,31018
2481,30772,246,31018
2482,30772,246,31018
2482,30772,246,31018
2483,30772,246,31018
2483,30772,246,31018
2484,30772,246,31018
2484,30772,246,31018
2485,30772,246,31018
2485,30772,246,31018
2486,30772,246,31018
2486,30772,246,31018
2487,30772,246,31018
2487,30772,246,31018
2488,30772,246,31018
2488,30772,246,31018
2489,30772,246,31018
2489,30772,246,31018
2490,30772,246,31018
2490,30772,246,31018
2491,30772,246,31018
2491,30772,246,31018
2492,30772,246,31018
2492,30772,246,31018
2493,30772,246,31018
2493,30772,246,31018
2494,30772,246,31018
2494,30772,246,31018
2495,30772,246,31018
2495,30772,246,31018
2496,30772,246,31018
2496,30772,246,31018
2497,30772,246,31018
2497,30772,246,31018
2498,30772,246,31018
2498,30772,246,31018
2499,30772,246,31018
2499,30772,246,31018
2500,30772,246,31018
2500,30772,246,31018
2501,30772,246,31018
2501,30772,246,31018
2502,30772,246,31018
2502,30772,246,31018
2503,30772,246,31018
2503,30772,246,31018
2504,30772,246,31018
2504,30772,246,31018
2505,30772,246,31018
2505,30772,246,31018
2506,30772,246,31018
2506,30772,246,31018
2507,30772,246,31018
2507,30772,246,31018
2508,30772,246,31018
2508,30772,246,31018
2509,30772,246,31018
2509,30772,246,31018
2510,30772,246,31018
2510,30772,246,31018
2511,30772,246,31018
2511,30772,246,31018
2512,30772,246,31018
2512,30772,246,31018
2513,30772,246,31018
2514,30772,246,31018
2514,30772,246,31018
2515,30772,246,31018
2515,30772,246,31018
2516,30772,246,31018
2516,30772,246,31018
2517,30772,246,31018
2517,30772,246,31018
2518,30772,246,31018
2518,30772,246,31018
2519,30772,246,31018
2519,30772,246,31018
2520,30772,246,31018
2520,30772,246,31018
2521,30772,246,31018
2521,30772,246,31018
2522,30772,246,31018
2522,30772,246,31018
2523,30772,246,31018
2523,30772,246,31018
2524,30772,246,31018
2524,30772,246,31018
2525,30772,246,31018
2525,30772,246,31018
2526,30772,246,31018
2526,30772,246,31018
2527,30772,246,31018
2527,30772,246,31018
2528,30772,246,31018
2528,30772,246,31018
2529,30772,246,31018
2529,30772,246,31018
2530,30772,246,31018
2530,30772,246,31018
2531,30772,246,31018
2531,30772,246,31018
2532,30772,246,31018
2532,30772,246,31018
2533,30772,246,31018
2533,30772,246,31018
2534,30772,246,31018
2534,30772,246,31018
2535,30772,246,31018
2535,30772,246,31018
2536,30772,246,31018
2536,30772,246,31018
2537,30772,246,31018
2537,30772,246,31018
2538,30772,246,31018
2538,30772,246,31018
2539,30772,246,31018
2539,30772,246,31018
2540,30772,246,31018
2540,30772,246,31018
2541,30772,246,31018
2541,30772,246,31018
2542,30772,246,31018
2542,30772,246,31018
2543,30772,246,31018
2543,30772,246,31018
2544,30772,246,31018
2544,30772,246,31018
2545,30772,246,31018
2545,30772,246,31018
2546,30772,246,31018
2546,30772,246,31018
2547,30772,246,31018
2547,30772,246,31018
2548,30772,246,31018
2548,30772,246,31018
2549,30772,246,31018
2549,30772,246,31018
2550,30772,246,31018
2550,30772,246,31018
2551,30772,246,31018
2552,30772,246,31018
2552,30772,246,31018
2553,30772,246,31018
2553,30772,246,31018
2554,30772,246,31018
2554,30772,246,31018
2555,30772,246,31018
2555,30772,246,31018
2556,30772,246,31018
2556,30772,246,31018
2557,30772,246,31018
2557,30772,246,31018
2558,30772,246,31018
2558,30772,246,31018
2559,30772,246,31018
2559,30772,246,31018
2560,30772,246,31018
2560,30772,246,31018
2561,30772,246,31018
2561,30772,246,31018
2562,30772,246,31018
2562,30772,246,31018
2563,30772,246,31018
2563,30772,246,31018
2564,30772,246,31018
2564,30772,246,31018
2565,30772,246,31018
2565,30772,246,31018
2566,30772,246,31018
2566,30772,246,31018
2567,30772,246,31018
2567,30772,246,31018
2568,30772,246,31018
2568,30772,246,31018
2569,30772,246,31018
2569,30772,246,31018
2570,30772,246,31018
2570,30772,246,31018
2571,30772,246,31018
2571,30772,246,31018
2572,30772,246,31018
2572,30772,246,31018
2573,30772,246,31018
2573,30772,246,31018
2574,30772,246,31018
2574,30772,246,31018
2575,30772,246,31018
2575,30772,246,31018
2576,30772,246,31018
2576,30772,246,31018
2577,30772,246,31018
2577,30772,246,31018
2578,30772,246,31018
2578,30772,246,31018
2579,30772,246,31018
2579,30772,246,31018
2580,30772,246,31018
2580,30772,246,31018
2581,30772,246,31018
2581,30772,246,31018
2582,30772,246,31018
2582,30772,246,31018
2583,30772,246,31018
2583,30772,246,31018
2584,30772,246,31018
2584,30772,246,31018
2585,30772,246,31018
2585,30772,246,31018
2586,30772,246,31018
2586,30772,246,31018
2587,30772,246,31018
2587,30772,246,31018
2588,30772,246,31018
2588,30772,246,31018
2589,30772,246,31018
2590,30772,246,31018
2590,30772,246,31018
2591,30772,246,31018
2591,30772,246,31018
2592,30772,246,31018
2592,30772,246,31018
2593,30772,246,31018
2593,30772,246,31018
2594,30772,246,31018
2594,30772,246,31018
2595,30772,246,31018
2595,30772,246,31018
2596,30772,246,31018
2596,30772,246,31018
2597,30772,246,31018
2597,30772,246,31018
2598,30772,246,31018
2598,30772,246,31018
2599,30772,246,31018
2599,30772,246,31018
2600,30772,246,31018
2600,30772,246,31018
2601,30772,246,31018
2601,30772,246,31018
2602,30772,246,31018
2602,30772,246,31018
2603,30772,246,31018
2603,30772,246,31018
2604,30772,246,31018
2604,30772,246,31018
2605,30772,246,31018
2605,30772,246,31018
2606,30772,246,31018
2606,30772,246,31018
2607,30772,246,31018
2607,30772,246,31018
2608,30772,246,31018
2608,30772,246,31018
2609,30772,246,31018
2609,30772,246,31018
2610,30772,246,31018
2610,30772,246,31018
2611,30772,246,31018
2611,30772,246,31018
2612,30772,246,31018
2612,30772,246,31018
2613,30772,246,31018
2613,30772,246,31018
2614,30772,246,31018
2614,30772,246,31018
2615,30772,246,31018
2615,30772,246,31018
2616,30772,246,31018
2616,30772,246,31018
2617,30772,246,31018
2617,30772,246,31018
2618,30772,246,31018
2618,30772,246,31018
2619,30772,246,31018
2619,30772,246,31018
2620,30772,246,31018
2620,30772,246,31018
2621,30772,246,31018
2621,30772,246,31018
2622,30772,246,31018
2622,30772,246,31018
2623,30772,246,31018
2623,30772,246,31018
2624,30772,246,31018
2624,30772,246,31018
2625,30772,246,31018
2625,30772,246,31018
2626,30772,246,31018
2626,30772,246,31018
2627,30772,246,31018
2628,30772,246,31018
2628,30772,246,31018
2629,30772,246,31018
2629,30772,246,31018
2630,30772,246,31018
2630,30772,246,31018
2631,30772,246,31018
2631,30772,246,31018
2632,30772,246,31018
2632,30772,246,31018
2633,30772,246,31018
2633,30772,246,31018
2634,30772,246,31018
2634,30772,246,31018
2635,30772,246,31018
2635,30772,246,31018
2636,30772,246,31018
2636,30772,246,31018
2637,30772,246,31018
2637,30772,246,31018
2638,30772,246,31018
2638,30772,246,31018
2639,30772,246,31018
2639,30772,246,31018
2640,30772,246,31018
2640,30772,246,31018
2641,30772,246,31018
2641,30772,246,31018
2642,30772,246,31018
2642,30772,246,31018
2643,30772,246,31018
2643,30772,246,31018
2644,30772,246,31018
2644,30772,246,31018
2645,30772,246,31018
2645,30772,246,31018
2646,30772,246,31018
2646,30772,246,31018
2647,30772,246,31018
2647,30772,246,31018
2648,30772,246,31018
2648,30772,246,31018
2649,30772,246,31018
2649,30772,246,31018
2650,30772,246,31018
2650,30772,246,31018
2651,30772,246,31018
2651,30772,246,31018
2652,30772,246,31018
2652,30772,246,31018
2653,30772,246,31018
2653,30772,246,31018
2654,30772,246,31018
2654,30772,246,31018
2655,30772,246,31018
2655,30772,246,31018
2656,30772,246,31018
2656,30772,246,31018
2657,30772,246,31018
2657,30772,246,31018
2658,30772,246,31018
2658,30772,246,31018
2659,30772,246,31018
2659,30772,246,31018
2660,30772,246,31018
2660,30772,246,31018
2661,30772,246,31018
2661,30772,246,31018
2662,30772,246,31018
2662,30772,246,31018
2663,30772,246,31018
2663,30772,246,31018
2664,30772,246,31018
2665,30772,246,31018
2665,30772,246,31018
2666,30772,246,31018
2666,30772,246,31018
2667,30772,246,31018
2667,30772,246,31018
2668,30772,246,31018
2668,30772,246,31018
2669,30772,246,31018
2669,30772,246,31018
2670,30772,246,31018
2670,30772,246,31018
2671,30772,246,31018
2671,30772,246,31018
2672,30772,246,31018
2672,30772,246,31018
2673,30772,246,31018
2673,30772,246,31018
2674,30772,246,31018
2674,30772,246,31018
2675,30772,246,31018
2675,30772,246,31018
2676,30772,246,31018
2676,30772,246,31018
2677,30772,246,31018
2677,30772,246,31018
2678,30772,246,31018
2678,30772,246,31018
2679,30772,246,31018
2679,30772,246,31018
2680,30772,246,31018
2680,30772,246,31018
2681,30772,246,31018
2681,30772,246,31018
2682,30772,246,31018
2682,30772,246,31018
2683,30772,246,31018
2683,30772,246,31018
2684,30772,246,31018
2684,30772,246,31018
2685,30772,246,31018
2685,30772,246,31018
2686,30772,246,31018
2686,30772,246,31018
2687,30772,246,31018
2687,30772,246,31018
2688,30772,246,31018
2688,30772,246,31018
2689,30772,246,31018
2689,30772,246,31018
2690,30772,246,31018
2690,30772,246,31018
2691,30772,246,31018
2691,30772,246,31018
2692,30772,246,31018
2692,30772,246,31018
2693,30772,246,31018
2693,30772,246,31018
2694,30772,246,31018
2694,30772,246,31018
2695,30772,246,31018
2695,30772,246,31018
2696,30772,246,31018
2696,30772,246,31018
2697,30772,246,31018
2697,30772,246,31018
2698,30772,246,31018
2699,30772,246,31018
2699,30772,246,31018
2700,30772,246,31018
2700,30772,246,31018
2701,30772,246,31018
2701,30772,246,31018
2702,30772,246,31018
2702,30772,246,31018
2703,30772,246,31018
2703,30772,246,31018
2704,30772,246,31018
2704,30772,246,31018
2705,30772,248,31020
2705,30772,248,31020
2706,30772,248,31020
2706,30772,248,31020
2707,30772,248,31020
2707,30772,248,31020
2708,30772,248,31020
2708,30772,248,31020
2709,30772,248,31020
2709,30772,248,31020
2710,30772,248,31020
2710,30772,248,31020
2711,30772,248,31020
2711,30772,248,31020
2712,30772,248,31020
2712,30772,248,31020
2713,30772,248,31020
2713,30772,248,31020
2714,30772,248,31020
2714,30772,248,31020
2715,30772,248,31020
2715,30772,248,31020
2716,30772,248,31020
2716,30772,248,31020
2717,30772,248,31020
2717,30772,248,31020
2718,30772,248,31020
2718,30772,248,31020
2719,30772,248,31020
2719,30772,248,31020
2720,30772,248,31020
2720,30772,248,31020
2721,30772,248,31020
2721,30772,248,31020
2722,30772,248,31020
2722,30772,248,31020
2723,30772,248,31020
2723,30772,248,31020
2724,30772,248,31020
2724,30772,248,31020
2725,30772,248,31020
2725,30772,248,31020
2726,30772,248,31020
2726,30772,248,31020
2727,30772,248,31020
2727,30772,248,31020
2728,30772,248,31020
2728,30772,248,31020
2729,30772,248,31020
2729,30772,248,31020
2730,30772,248,31020
2730,30772,248,31020
2731,30772,248,31020
2731,30772,248,31020
2732,30772,248,31020
2733,30772,248,31020
2733,30772,248,31020
2734,30772,248,31020
2734,30772,248,31020
2735,30772,248,31020
2735,30772,248,31020
2736,30772,248,31020
2736,30772,248,31020
2737,30772,248,31020
2737,30772,248,31020
2738,30772,248,31020
2738,30772,248,31020
2739,30772,248,31020
2739,30772,248,31020
2740,30772,248,31020
2740,30772,248,31020
2741,30772,248,31020
2741,30772,248,31020
2742,30772,248,31020
2742,30772,248,31020
2743,30772,248,31020
2743,30772,248,31020
2744,30772,248,31020
2744,30772,248,31020
2745,30772,248,31020
2745,30772,248,31020
2746,30772,248,31020
2746,30772,248,31020
2747,30772,248,31020
2747,30772,248,31020
2748,30772,248,31020
2748,30772,248,31020
2749,30772,248,31020
2749,30772,248,31020
2750,30772,248,31020
2750,30772,248,31020
2751,30772,248,31020
2751,30772,248,31020
2752,30772,248,31020
2752,30772,248,31020
2753,30772,248,31020
2753,30772,248,31020
2754,30772,248,31020
2754,30772,248,31020
2755,30772,248,31020
2755,30772,248,31020
2756,30772,248,31020
2756,30772,248,31020
2757,30772,248,31020
2757,30772,248,31020
2758,30772,248,31020
2758,30772,248,31020
2759,30772,248,31020
2759,30772,248,31020
2760,30772,248,31020
2760,30772,248,31020
2761,30772,248,31020
2761,30772,248,31020
2762,30772,248,31020
2762,30772,248,31020
2763,30772,248,31020
2763,30772,248,31020
2764,30772,248,31020
2764,30772,248,31020
2765,30772,248,31020
2765,30772,248,31020
2766,30772,248,31020
2766,30772,248,31020
2767,30772,248,31020
2767,30772,248,31020
2768,30772,248,31020
2768,30772,248,31020
2769,30772,248,31020
2769,30772,248,31020
2770,30772,248,31020
2771,30772,248,31020
2771,30772,248,31020
2772,30772,248,31020
2772,30772,248,31020
2773,30772,248,31020
2773,30772,248,31020
2774,30772,248,31020
2774,30772,248,31020
2775,30772,248,31020
2775,30772,248,31020
2776,30772,248,31020
2776,30772,248,31020
2777,30772,248,31020
2777,30772,248,31020
2778,30772,248,31020
2778,30772,248,31020
2779,30772,248,31020
2779,30772,248,31020
2780,30772,248,31020
2780,30772,248,31020
2781,30772,248,31020
2781,30772,248,31020
2782,30772,248,31020
2782,30772,248,31020
2783,30772,248,31020
2783,30772,248,31020
2784,30772,248,31020
2784,30772,248,31020
2785,30772,248,31020
2785,30772,248,31020
2786,30772,248,31020
2786,30772,248,31020
2787,30772,248,31020
2787,30772,248,31020
2788,30772,248,31020
2788,30772,248,31020
2789,30772,248,31020
2789,30772,248,31020
2790,30772,248,31020
2790,30772,248,31020
2791,30772,248,31020
2791,30772,248,31020
2792,30772,248,31020
2792,30772,248,31020
2793,30772,248,31020
2793,30772,248,31020
2794,30772,248,31020
2794,30772,248,31020
2795,30772,248,31020
2795,30772,248,31020
2796,30772,248,31020
2796,30772,248,31020
2797,30772,248,31020
2797,30772,248,31020
2798,30772,248,31020
2798,30772,248,31020
2799,30772,248,31020
2799,30772,248,31020
2800,30772,248,31020
2800,30772,248,31020
2801,30772,248,31020
2801,30772,248,31020
2802,30772,248,31020
2802,30772,248,31020
2803,30772,248,31020
2803,30772,248,31020
2804,30772,248,31020
2804,30772,248,31020
2805,30772,248,31020
2805,30772,248,31020
2806,30772,248,31020
2806,30772,248,31020
2807,30772,248,31020
2807,30772,248,31020
2808,30772,248,31020
2808,30772,248,31020
2809,30772,248,31020
2810,30772,248,31020
2810,30772,248,31020
2811,30772,248,31020
2811,30772,248,31020
2812,30772,248,31020
2812,30772,248,31020
2813,30772,248,31020
2813,30772,248,31020
2814,30772,248,31020
2814,30772,248,31020
2815,30772,248,31020
2815,30772,248,31020
2816,30772,248,31020
2816,30772,248,31020
2817,30772,248,31020
2817,30772,248,31020
2818,30772,248,31020
2818,30772,248,31020
2819,30772,248,31020
2819,30772,248,31020
2820,30772,248,31020
2820,30772,248,31020
2821,30772,248,31020
2821,30772,248,31020
2822,30772,248,31020
2822,30772,248,31020
2823,30772,248,31020
2823,30772,248,31020
2824,30772,248,31020
2824,30772,248,31020
2825,30772,248,31020
2825,30772,248,31020
2826,30772,248,31020
2826,30772,248,31020
2827,30772,248,31020
2827,30772,248,31020
2828,30772,248,31020
2828,30772,248,31020
2829,30772,248,31020
2829,30772,248,31020
2830,30772,248,31020
2830,30772,248,31020
2831,30772,248,31020
2831,30772,248,31020
2832,30772,248,31020
2832,30772,248,31020
2833,30772,248,31020
2833,30772,248,31020
2834,30772,248,31020
2834,30772,248,31020
2835,30772,248,31020
2835,30772,248,31020
2836,30772,248,31020
2836,30772,248,31020
2837,30772,248,31020
2837,30772,248,31020
2838,30772,248,31020
2838,30772,248,31020
2839,30772,248,31020
2839,30772,248,31020
2840,30772,248,31020
2840,30772,248,31020
2841,30772,248,31020
2841,30772,248,31020
2842,30772,248,31020
2842,30772,248,31020
2843,30772,248,31020
2843,30772,248,31020
2844,30772,248,31020
2844,30772,248,31020
2845,30772,248,31020
2845,30772,248,31020
2846,30772,248,31020
2846,30772,248,31020
2847,30772,248,31020
2848,30772,248,31020
2848,30772,248,31020
2849,30772,248,31020
2849,30772,248,31020
2850,30772,248,31020
2850,30772,248,31020
2851,30772,248,31020
2851,30772,248,31020
2852,30772,248,31020
2852,30772,248,31020
2853,30772,248,31020
2853,30772,248,31020
2854,30772,248,31020
2854,30772,248,31020
2855,30772,248,31020
2855,30772,248,31020
2856,30772,248,31020
2856,30772,248,31020
2857,30772,248,31020
2857,30772,248,31020
2858,30772,248,31020
2858,30772,248,31020
2859,30772,248,31020
2859,30772,248,31020
2860,30772,248,31020
2860,30772,248,31020
2861,30772,248,31020
2861,30772,248,31020
2862,30772,248,31020
2862,30772,248,31020
2863,30772,248,31020
2863,30772,248,31020
2864,30772,248,31020
2864,30772,248,31020
2865,30772,248,31020
2865,30772,248,31020
2866,30772,248,31020
2866,30772,248,31020
2867,30772,248,31020
2867,30772,248,31020
2868,30772,248,31020
2868,30772,248,31020
2869,30772,248,31020
2869,30772,248,31020
2870,30772,248,31020
2870,30772,248,31020
2871,30772,248,31020
2871,30772,248,31020
2872,30772,248,31020
2872,30772,248,31020
2873,30772,248,31020
2873,30772,248,31020
2874,30772,248,31020
2874,30772,248,31020
2875,30772,248,31020
2875,30772,248,31020
2876,30772,248,31020
2876,30772,248,31020
2877,30772,248,31020
2877,30772,248,31020
2878,30772,248,31020
2878,30772,248,31020
2879,30772,248,31020
2879,30772,248,31020
2880,30772,248,31020
2880,30772,248,31020
2881,30772,248,31020
2882,30772,248,31020
2882,30772,248,31020
2883,30772,248,31020
2883,30772,248,31020
2884,30772,248,31020
2884,30772,248,31020
2885,30772,248,31020
2885,30772,248,31020
2886,30772,248,31020
2886,30772,248,31020
2887,30772,248,31020
2887,30772,248,31020
2888,30772,248,31020
2888,30772,248,31020
2889,30772,248,31020
2889,30772,248,31020
2890,30772,248,31020
2890,30772,248,31020
2891,30772,248,31020
2891,30772,248,31020
2892,30772,248,31020
2892,30772,248,31020
2893,30772,248,31020
2893,30772,248,31020
2894,30772,248,31020
2894,30772,248,31020
2895,30772,248,31020
2895,30772,248,31020
2896,30772,248,31020
2896,30772,248,31020
2897,30772,248,31020
2897,30772,248,31020
2898,30772,248,31020
2898,30772,248,31020
2899,30772,248,31020
2899,30772,248,31020
2900,30772,248,31020
2900,30772,248,31020
2901,30772,248,31020
2901,30772,248,31020
2902,30772,248,31020
2902,30772,248,31020
2903,30772,248,31020
2903,30772,248,31020
2904,30772,248,31020
2904,30772,248,31020
2905,30772,248,31020
2905,30772,248,31020
2906,30772,248,31020
2906,30772,248,31020
2907,30772,248,31020
2907,30772,248,31020
2908,30772,248,31020
2908,30772,248,31020
2909,30772,248,31020
2909,30772,248,31020
2910,30772,248,31020
2910,30772,248,31020
2911,30772,248,31020
2911,30772,248,31020
2912,30772,248,31020
2912,30772,248,31020
2913,30772,248,31020
2913,30772,248,31020
2914,30772,248,31020
2914,30772,248,31020
2915,30772,248,31020
2915,30772,248,31020
2916,30772,248,31020
2916,30772,248,31020
2917,30772,248,31020
2917,30772,248,31020
2918,30772,248,31020
2918,30772,248,31020
2919,30772,248,31020
2919,30772,248,31020
2920,30772,248,31020
2921,30772,248,31020
2921,30772,248,31020
2922,30772,248,31020
2922,30772,248,31020
2923,30772,248,31020
2923,30772,248,31020
2924,30772,248,31020
2924,30772,248,31020
2925,30772,248,31020
2925,30772,248,31020
2926,30772,248,31020
2926,30772,248,31020
2927,30772,248,31020
2927,30772,248,31020
2928,30772,248,31020
2928,30772,248,31020
2929,30772,248,31020
2929,30772,248,31020
2930,30772,248,31020
2930,30772,248,31020
2931,30772,248,31020
2931,30772,248,31020
2932,30772,248,31020
2932,30772,248,31020
2933,30772,248,31020
2933,30772,248,31020
2934,30772,248,31020
2934,30772,248,31020
2935,30772,248,31020
2935,30772,248,31020
2936,30772,248,31020
2936,30772,248,31020
2937,30772,248,31020
2937,30772,248,31020
2938,30772,248,31020
2938,30772,248,31020
2939,30772,248,31020
2939,30772,248,31020
2940,30772,248,31020
2940,30772,248,31020
2941,30772,248,31020
2941,30772,248,31020
2942,30772,248,31020
2942,30772,248,31020
2943,30772,248,31020
2943,30772,248,31020
2944,30772,248,31020
2944,30772,248,31020
2945,30772,248,31020
2945,30772,248,31020
2946,30772,248,31020
2946,30772,248,31020
2947,30772,248,31020
2947,30772,248,31020
2948,30772,248,31020
2948,30772,248,31020
2949,30772,248,31020
2949,30772,248,31020
2950,30772,248,31020
2950,30772,248,31020
2951,30772,248,31020
2951,30772,248,31020
2952,30772,248,31020
2952,30772,248,31020
2953,30772,248,31020
2953,30772,248,31020
2954,30772,248,31020
2954,30772,248,31020
2955,30772,248,31020
2955,30772,248,31020
2956,30772,248,31020
2956,30772,248,31020
2957,30772,248,31020
2958,30772,248,31020
2958,30772,248,31020
2959,30772,248,31020
2959,30772,248,31020
2960,30772,248,31020
2960,30772,248,31020
2961,30772,248,31020
2961,30772,248,31020
2962,30772,248,31020
2962,30772,248,31020
2963,30772,248,31020
2963,30772,248,31020
2964,30772,248,31020
2964,30772,248,31020
2965,30772,248,31020
2965,30772,248,31020
2966,30772,248,31020
2966,30772,248,31020
2967,30772,248,31020
2967,30772,248,31020
2968,30772,248,31020
2968,30772,248,31020
2969,30772,248,31020
2969,30772,248,31020
2970,30772,248,31020
2970,30772,248,31020
2971,30772,248,31020
2971,30772,248,31020
2972,30772,248,31020
2972,30772,248,31020
2973,30772,248,31020
2973,30772,248,31020
2974,30772,248,31020
2974,30772,248,31020
2975,30772,248,31020
2975,30772,248,31020
2976,30772,248,31020
2976,30772,248,31020
2977,30772,248,31020
2977,30772,248,31020
2978,30772,248,31020
2978,30772,248,31020
2979,30772,248,31020
2979,30772,248,31020
2980,30772,248,31020
2980,30772,248,31020
2981,30772,248,31020
2981,30772,248,31020
2982,30772,248,31020
2982,30772,248,31020
2983,30772,248,31020
2983,30772,248,31020
2984,30772,248,31020
2984,30772,248,31020
2985,30772,248,31020
2985,30772,248,31020
2986,30772,248,31020
2986,30772,248,31020
2987,30772,248,31020
2987,30772,248,31020
2988,30772,248,31020
2988,30772,248,31020
2989,30772,248,31020
2989,30772,248,31020
2990,30772,248,31020
2990,30772,248,31020
2991,30772,248,31020
2991,30772,248,31020
2992,30772,248,31020
2992,30772,248,31020
2993,30772,248,31020
2993,30772,248,31020
2994,30772,248,31020
2994,30772,248,31020
2995,30772,248,31020
2996,30772,248,31020
2996,30772,248,31020
2997,30772,248,31020
2997,30772,248,31020
2998,30772,248,31020
2998,30772,248,31020
2999,30772,248,31020
2999,30772,248,31020
3000,30772,248,31020
3000,30772,248,31020
3001,30772,248,31020
3001,30772,248,31020
3002,30772,248,31020
3002,30772,248,31020
3003,30772,248,31020
3003,30772,248,31020
3004,30772,248,31020
3004,30772,248,31020
3005,30772,248,31020
3005,30772,248,31020
3006,30772,248,31020
3006,30772,248,31020
3007,30772,248,31020
3007,30772,248,31020
3008,30772,248,31020
3008,30772,248,31020
3009,30772,248,31020
3009,30772,248,31020
3010,30772,248,31020
3010,30772,248,31020
3011,30772,248,31020
3011,30772,248,31020
3012,30772,248,31020
3012,30772,248,31020
3013,30772,248,31020
3013,30772,248,31020
3014,30772,248,31020
3014,30772,248,31020
3015,30772,248,31020
3015,30772,248,31020
3016,30772,248,31020
3016,30772,248,31020
3017,30772,248,31020
3017,30772,248,31020
3018,30772,248,31020
3018,30772,248,31020
3019,30772,248,31020
3019,30772,248,31020
3020,30772,248,31020
3020,30772,248,31020
3021,30772,248,31020
3021,30772,248,31020
3022,30772,248,31020
3022,30772,248,31020
3023,30772,248,31020
3023,30772,248,31020
3024,30772,248,31020
3024,30772,248,31020
3025,30772,248,31020
3025,30772,248,31020
3026,30772,248,31020
3026,30772,248,31020
3027,30772,248,31020
3027,30772,248,31020
3028,30772,248,31020
3028,30772,248,31020
3029,30772,248,31020
3029,30772,248,31020
3030,30772,248,31020
3030,30772,248,31020
3031,30772,248,31020
3031,30772,248,31020
3032,30772,248,31020
3033,30772,248,31020
3033,30772,248,31020
3034,30772,248,31020
3034,30772,248,31020
3035,30772,248,31020
3035,30772,248,31020
3036,30772,248,31020
3036,30772,248,31020
3037,30772,248,31020
3037,30772,248,31020
3038,30772,248,31020
3038,30772,248,31020
3039,30772,248,31020
3039,30772,248,31020
3040,30772,248,31020
3040,30772,248,31020
3041,30772,248,31020
3041,30772,248,31020
3042,30772,248,31020
3042,30772,248,31020
3043,30772,248,31020
3043,30772,248,31020
3044,30772,248,31020
3044,30772,248,31020
3045,30772,248,31020
3045,30772,248,31020
3046,30772,248,31020
3046,30772,248,31020
3047,30772,248,31020
3047,30772,248,31020
3048,30772,248,31020
3048,30772,248,31020
3049,30772,248,31020
3049,30772,248,31020
3050,30772,248,31020
3050,30772,248,31020
3051,30772,248,31020
3051,30772,248,31020
3052,30772,248,31020
3052,30772,248,31020
3053,30772,248,31020
3053,30772,248,31020
3054,30772,248,31020
3054,30772,248,31020
3055,30772,248,31020
3055,30772,248,31020
3056,30772,248,31020
3056,30772,248,31020
3057,30772,248,31020
3057,30772,248,31020
3058,30772,248,31020
3058,30772,248,31020
3059,30772,248,31020
3059,30772,248,31020
3060,30772,248,31020
3060,30772,248,31020
3061,30772,248,31020
3061,30772,248,31020
3062,30772,248,31020
3062,30772,248,31020
3063,30772,248,31020
3063,30772,248,31020
3064,30772,248,31020
3064,30772,248,31020
3065,30772,248,31020
3065,30772,248,31020
3066,30772,248,31020
3066,30772,248,31020
3067,30772,248,31020
3067,30772,248,31020
3068,30772,248,31020
3068,30772,248,31020
3069,30772,248,31020
3070,30772,248,31020
3070,30772,248,31020
3071,30772,248,31020
3071,30772,248,31020
3072,30772,248,31020
3072,30772,248,31020
3073,30772,248,31020
3073,30772,248,31020
3074,30772,248,31020
3074,30772,248,31020
3075,30772,248,31020
3075,30772,248,31020
3076,30772,248,31020
3076,30772,248,31020
3077,30772,248,31020
3077,30772,248,31020
3078,30772,248,31020
3078,30772,248,31020
3079,30772,248,31020
3079,30772,248,31020
3080,30772,248,31020
3080,30772,248,31020
3081,30772,248,31020
3081,30772,248,31020
3082,30772,248,31020
3082,30772,248,31020
3083,30772,248,31020
3083,30772,248,31020
3084,30772,248,31020
3084,30772,248,31020
3085,30772,248,31020
3085,30772,248,31020
3086,30772,248,31020
3086,30772,248,31020
3087,30772,248,31020
3087,30772,248,31020
3088,30772,248,31020
3088,30772,248,31020
3089,30772,248,31020
3089,30772,248,31020
3090,30772,248,31020
3090,30772,248,31020
3091,30772,248,31020
3091,30772,248,31020
3092,30772,248,31020
3092,30772,248,31020
3093,30772,248,31020
3093,30772,248,31020
3094,30772,248,31020
3094,30772,248,31020
3095,30772,248,31020
3095,30772,248,31020
3096,30772,248,31020
3096,30772,248,31020
3097,30772,248,31020
3097,30772,248,31020
3098,30772,248,31020
3098,30772,248,31020
3099,30772,248,31020
3099,30772,248,31020
3100,30772,248,31020
3100,30772,248,31020
3101,30772,248,31020
3101,30772,248,31020
3102,30772,248,31020
3102,30772,248,31020
3103,30772,248,31020
3103,30772,248,31020
3104,30772,248,31020
3104,30772,248,31020
3105,30772,248,31020
3105,30772,248,31020
3106,30772,248,31020
3107,30772,248,31020
3107,30772,248,31020
3108,30772,248,31020
3108,30772,248,31020
3109,30772,248,31020
3109,30772,248,31020
3110,30772,248,31020
3110,30772,248,31020
3111,30772,248,31020
3111,30772,248,31020
3112,30772,248,31020
3112,30772,248,31020
3113,30772,248,31020
3113,30772,248,31020
3114,30772,248,31020
3114,30772,248,31020
3115,30772,248,31020
3115,30772,248,31020
3116,30772,248,31020
3116,30772,248,31020
3117,30772,248,31020
3117,30772,248,31020
3118,30772,248,31020
3118,30772,248,31020
3119,30772,248,31020
3119,30772,248,31020
3120,30772,248,31020
3120,30772,248,31020
3121,30772,248,31020
3121,30772,248,31020
3122,30772,248,31020
3122,30772,248,31020
3123,30772,248,31020
3123,30772,248,31020
3124,30772,248,31020
3124,30772,248,31020
3125,30772,248,31020
3125,30772,248,31020
3126,30772,248,31020
3126,30772,248,31020
3127,30772,248,31020
3127,30772,248,31020
3128,30772,248,31020
3128,30772,248,31020
3129,30772,248,31020
3129,30772,248,31020
3130,30772,248,31020
3130,30772,248,31020
3131,30772,248,31020
3131,30772,248,31020
3132,30772,248,31020
3132,30772,248,31020
3133,30772,248,31020
3133,30772,248,31020
3134,30772,248,31020
3134,30772,248,31020
3135,30772,248,31020
3135,30772,248,31020
3136,30772,248,31020
3136,30772,248,31020
3137,30772,248,31020
3137,30772,248,31020
3138,30772,248,31020
3138,30772,248,31020
3139,30772,248,31020
3139,30772,248,31020
3140,30772,248,31020
3140,30772,248,31020
3141,30772,248,31020
3141,30772,248,31020
3142,30772,248,31020
3142,30772,248,31020
3143,30772,248,31020
3143,30772,248,31020
3144,30772,248,31020
3145,30772,248,31020
3145,30772,248,31020
3146,30772,248,31020
3146,30772,248,31020
3147,30772,248,31020
3147,30772,248,31020
3148,30772,248,31020
3148,30772,248,31020
3149,30772,248,31020
3149,30772,248,31020
3150,30772,248,31020
3150,30772,248,31020
3151,30772,248,31020
3151,30772,248,31020
3152,30772,248,31020
3152,30772,248,31020
3153,30772,248,31020
3153,30772,248,31020
3154,30772,248,31020
3154,30772,248,31020
3155,30772,248,31020
3155,30772,248,31020
3156,30772,248,31020
3156,30772,248,31020
3157,30772,248,31020
3157,30772,248,31020
3158,30772,248,31020
3158,30772,248,31020
3159,30772,248,31020
3159,30772,248,31020
3160,30772,248,31020
3160,30772,248,31020
3161,30772,248,31020
3161,30772,248,31020
3162,30772,248,31020
3162,30772,248,31020
3163,30772,248,31020
3163,30772,248,31020
3164,30772,248,31020
3164,30772,248,31020
3165,30772,248,31020
3165,30772,248,31020
3166,30772,248,31020
3166,30772,248,31020
3167,30772,248,31020
3167,30772,248,31020
3168,30772,248,31020
3168,30772,248,31020
3169,30772,248,31020
3169,30772,248,31020
3170,30772,248,31020
3170,30772,248,31020
3171,30772,248,31020
3171,30772,248,31020
3172,30772,248,31020
3172,30772,248,31020
3173,30772,248,31020
3173,30772,248,31020
3174,30772,248,31020
3174,30772,248,31020
3175,30772,248,31020
3175,30772,248,31020
3176,30772,248,31020
3176,30772,248,31020
3177,30772,248,31020
3177,30772,248,31020
3178,30772,248,31020
3178,30772,248,31020
3179,30772,248,31020
3179,30772,248,31020
3180,30772,248,31020
3180,30772,248,31020
3181,30772,248,31020
3182,30772,248,31020
3182,30772,248,31020
3183,30772,248,31020
3183,30772,248,31020
3184,30772,248,31020
3184,30772,248,31020
3185,30772,248,31020
3185,30772,248,31020
3186,30772,248,31020
3186,30772,248,31020
3187,30772,248,31020
3187,30772,248,31020
3188,30772,248,31020
3188,30772,248,31020
3189,30772,248,31020
3189,30772,248,31020
3190,30772,248,31020
3190,30772,248,31020
3191,30772,248,31020
3191,30772,248,31020
3192,30772,248,31020
3192,30772,248,31020
3193,30772,248,31020
3193,30772,248,31020
3194,30772,248,31020
3194,30772,248,31020
3195,30772,248,31020
3195,30772,248,31020
3196,30772,248,31020
3196,30772,248,31020
3197,30772,248,31020
3197,30772,248,31020
3198,30772,248,31020
3198,30772,248,31020
3199,30772,248,31020
3199,30772,248,31020
3200,30772,248,31020
3200,30772,248,31020
3201,30772,248,31020
3201,30772,248,31020
3202,30772,248,31020
3202,30772,248,31020
3203,30772,248,31020
3203,30772,248,31020
3204,30772,248,31020
3204,30772,248,31020
3205,30772,248,31020
3205,30772,248,31020
3206,30772,248,31020
3206,30772,248,31020
3207,30772,248,31020
3207,30772,248,31020
3208,30772,248,31020
3208,30772,248,31020
3209,30772,248,31020
3209,30772,248,31020
3210,30772,248,31020
3210,30772,248,31020
3211,30772,248,31020
3211,30772,248,31020
3212,30772,248,31020
3212,30772,248,31020
3213,30772,248,31020
3213,30772,248,31020
3214,30772,248,31020
3214,30772,248,31020
3215,30772,248,31020
3215,30772,248,31020
3216,30772,248,31020
3216,30772,248,31020
3217,30772,248,31020
3217,30772,248,31020
3218,30772,248,31020
3218,30772,248,31020
3219,30772,248,31020
3220,30772,248,31020
3220,30772,248,31020
3221,30772,248,31020
3221,30772,248,31020
3222,30772,248,31020
3222,30772,248,31020
3223,30772,248,31020
3223,30772,248,31020
3224,30772,248,31020
3224,30772,248,31020
3225,30772,248,31020
3225,30772,248,31020
3226,30772,248,31020
3226,30772,248,31020
3227,30772,248,31020
3227,30772,248,31020
3228,30772,248,31020
3228,30772,248,31020
3229,30772,248,31020
3229,30772,248,31020
3230,30772,248,31020
3230,30772,248,31020
3231,30772,248,31020
3231,30772,248,31020
3232,30772,248,31020
3232,30772,248,31020
3233,30772,248,31020
3233,30772,248,31020
3234,30772,248,31020
3234,30772,248,31020
3235,30772,248,31020
3235,30772,248,31020
3236,30772,248,31020
3236,30772,248,31020
3237,30772,248,31020
3237,30772,248,31020
3238,30772,248,31020
3238,30772,248,31020
3239,30772,248,31020
3239,30772,248,31020
3240,30772,248,31020
3240,30772,248,31020
3241,30772,248,31020
3241,30772,248,31020
3242,30772,248,31020
3242,30772,248,31020
3243,30772,248,31020
3243,30772,248,31020
3244,30772,248,31020
3244,30772,248,31020
3245,30772,248,31020
3245,30772,248,31020
3246,30772,248,31020
3246,30772,248,31020
3247,30772,248,31020
3247,30772,248,31020
3248,30772,248,31020
3248,30772,248,31020
3249,30772,248,31020
3249,30772,248,31020
3250,30772,248,31020
3250,30772,248,31020
3251,30772,248,31020
3251,30772,248,31020
3252,30772,248,31020
3252,30772,248,31020
3253,30772,248,31020
3253,30772,248,31020
3254,30772,248,31020
3254,30772,248,31020
3255,30772,248,31020
3255,30772,248,31020
3256,30772,248,31020
3256,30772,248,31020
3257,30772,248,31020
3257,30772,248,31020
3258,30772,248,31020
3259,30772,248,31020
3259,30772,248,31020
3260,30772,248,31020
3260,30772,248,31020
3261,30772,248,31020
3261,30772,248,31020
3262,30772,248,31020
3262,30772,248,31020
3263,30772,248,31020
3263,30772,248,31020
3264,30772,248,31020
3264,30772,248,31020
3265,30772,248,31020
3265,30772,248,31020
3266,30772,248,31020
3266,30772,248,31020
3267,30772,248,31020
3267,30772,248,31020
3268,30772,248,31020
3268,30772,248,31020
3269,30772,248,31020
3269,30772,248,31020
3270,30772,248,31020
3270,30772,248,31020
3271,30772,248,31020
3271,30772,248,31020
3272,30772,248,31020
3272,30772,248,31020
3273,30772,248,31020
3273,30772,248,31020
3274,30772,248,31020
3274,30772,248,31020
3275,30772,248,31020
3275,30772,248,31020
3276,30772,248,31020
3276,30772,248,31020
3277,30772,248,31020
3277,30772,248,31020
3278,30772,248,31020
3278,30772,248,31020
3279,30772,248,31020
3279,30772,248,31020
3280,30772,248,31020
3280,30772,248,31020
3281,30772,248,31020
3281,30772,248,31020
3282,30772,248,31020
3282,30772,248,31020
3283,30772,248,31020
3283,30772,248,31020
3284,30772,248,31020
3284,30772,248,31020
3285,30772,248,31020
3285,30772,248,31020
3286,30772,248,31020
3286,30772,248,31020
3287,30772,248,31020
3287,30772,248,31020
3288,30772,248,31020
3288,30772,248,31020
3289,30772,248,31020
3289,30772,248,31020
3290,30772,248,31020
3290,30772,248,31020
3291,30772,248,31020
3291,30772,248,31020
3292,30772,248,31020
3292,30772,248,31020
3293,30772,248,31020
3293,30772,248,31020
3294,30772,248,31020
3294,30772,248,31020
3295,30772,248,31020
3295,30772,248,31020
3296,30772,248,31020
3297,30772,248,31020
3297,30772,248,31020
3298,30772,248,31020
3298,30772,248,31020
3299,30772,248,31020
3299,30772,248,31020
3300,30772,248,31020
3300,30772,248,31020
3301,30772,248,31020
3301,30772,248,31020
3302,30772,248,31020
3302,30772,248,31020
3303,30772,248,31020
3303,30772,248,31020
3304,30772,248,31020
3304,30772,248,31020
3305,30772,248,31020
3305,30772,248,31020
3306,30772,248,31020
3306,30772,248,31020
3307,30772,248,31020
3307,30772,248,31020
3308,30772,248,31020
3308,30772,248,31020
3309,30772,248,31020
3309,30772,248,31020
3310,30772,248,31020
3310,30772,248,31020
3311,30772,248,31020
3311,30772,248,31020
3312,30772,248,31020
3312,30772,248,31020
3313,30772,248,31020
3313,30772,248,31020
3314,30772,248,31020
3314,30772,248,31020
3315,30772,248,31020
3315,30772,248,31020
3316,30772,248,31020
3316,30772,248,31020
3317,30772,248,31020
3317,30772,248,31020
3318,30772,248,31020
3318,30772,248,31020
3319,30772,248,31020
3319,30772,248,31020
3320,30772,248,31020
3320,30772,248,31020
3321,30772,248,31020
3321,30772,248,31020
3322,30772,248,31020
3322,30772,248,31020
3323,30772,248,31020
3323,30772,248,31020
3324,30772,248,31020
3324,30772,248,31020
3325,30772,248,31020
3325,30772,248,31020
3326,30772,248,31020
3326,30772,248,31020
3327,30772,248,31020
3327,30772,248,31020
3328,30772,248,31020
3328,30772,248,31020
3329,30772,248,31020
3329,30772,248,31020
3330,30772,248,31020
3330,30772,248,31020
3331,30772,248,31020
3332,30772,248,31020
3332,30772,248,31020
3333,30772,248,31020
3333,30772,248,31020
3334,30772,248,31020
3334,30772,248,31020
3335,30772,248,31020
3335,30772,248,31020
3336,30772,248,31020
3336,30772,248,31020
3337,30772,248,31020
3337,30772,248,31020
3338,30772,248,31020
3338,30772,248,31020
3339,30772,248,31020
3339,30772,248,31020
3340,30772,248,31020
3340,30772,248,31020
3341,30772,248,31020
3341,30772,248,31020
3342,30772,248,31020
3342,30772,248,31020
3343,30772,248,31020
3343,30772,248,31020
3344,30772,248,31020
3344,30772,248,31020
3345,30772,248,31020
3345,30772,248,31020
3346,30772,248,31020
3346,30772,248,31020
3347,30772,248,31020
3347,30772,248,31020
3348,30772,248,31020
3348,30772,248,31020
3349,30772,248,31020
3349,30772,248,31020
3350,30772,248,31020
3350,30772,248,31020
3351,30772,248,31020
3351,30772,248,31020
3352,30772,248,31020
3352,30772,248,31020
3353,30772,248,31020
3353,30772,248,31020
3354,30772,248,31020
3354,30772,248,31020
3355,30772,248,31020
3355,30772,248,31020
3356,30772,248,31020
3356,30772,248,31020
3357,30772,248,31020
3357,30772,248,31020
3358,30772,248,31020
3358,30772,248,31020
3359,30772,248,31020
3359,30772,248,31020
3360,30772,248,31020
3360,30772,248,31020
3361,30772,248,31020
3361,30772,248,31020
3362,30772,248,31020
3362,30772,248,31020
3363,30772,248,31020
3363,30772,248,31020
3364,30772,248,31020
3364,30772,248,31020
3365,30772,248,31020
3365,30772,248,31020
3366,30772,248,31020
3366,30772,248,31020
3367,30772,248,31020
3367,30772,248,31020
3368,30772,248,31020
3368,30772,248,31020
3369,30772,248,31020
3370,30772,248,31020
3370,30772,248,31020
3371,30772,248,31020
3371,30772,248,31020
3372,30772,248,31020
3372,30772,248,31020
3373,30772,248,31020
3373,30772,248,31020
3374,30772,248,31020
3374,30772,248,31020
3375,30772,248,31020
3375,30772,248,31020
3376,30772,248,31020
3376,30772,248,31020
3377,30772,248,31020
3377,30772,248,31020
3378,30772,248,31020
3378,30772,248,31020
3379,30772,248,31020
3379,30772,248,31020
3380,30772,248,31020
3380,30772,248,31020
3381,30772,248,31020
3381,30772,248,31020
3382,30772,248,31020
3382,30772,248,31020
3383,30772,248,31020
3383,30772,248,31020
3384,30772,248,31020
3384,30772,248,31020
3385,30772,248,31020
3385,30772,248,31020
3386,30772,248,31020
3386,30772,248,31020
3387,30772,248,31020
3387,30772,248,31020
3388,30772,248,31020
3388,30772,248,31020
3389,30772,248,31020
3389,30772,248,31020
3390,30772,248,31020
3390,30772,248,31020
3391,30772,248,31020
3391,30772,248,31020
3392,30772,248,31020
3392,30772,248,31020
3393,30772,248,31020
3393,30772,248,31020
3394,30772,248,31020
3394,30772,248,31020
3395,30772,248,31020
3395,30772,248,31020
3396,30772,248,31020
3396,30772,248,31020
3397,30772,248,31020
3397,30772,248,31020
3398,30772,248,31020
3398,30772,248,31020
3399,30772,248,31020
3399,30772,248,31020
3400,30772,248,31020
3400,30772,248,31020
3401,30772,248,31020
3401,30772,248,31020
3402,30772,248,31020
3402,30772,248,31020
3403,30772,248,31020
3403,30772,248,31020
3404,30772,248,31020
3404,30772,248,31020
3405,30772,248,31020
3405,30772,248,31020
3406,30772,248,31020
3406,30772,248,31020
3407,30772,248,31020
3408,30772,248,31020
3408,30772,248,31020
3409,30772,248,31020
3409,30772,248,31020
3410,30772,248,31020
3410,30772,248,31020
3411,30772,248,31020
3411,30772,248,31020
3412,30772,248,31020
3412,30772,248,31020
3413,30772,248,31020
3413,30772,248,31020
3414,30772,248,31020
3414,30772,248,31020
3415,30772,248,31020
3415,30772,248,31020
3416,30772,248,31020
3416,30772,248,31020
3417,30772,248,31020
3417,30772,248,31020
3418,30772,248,31020
3418,30772,248,31020
3419,30772,248,31020
3419,30772,248,31020
3420,30772,248,31020
3420,30772,248,31020
3421,30772,248,31020
3421,30772,248,31020
3422,30772,248,31020
3422,30772,248,31020
3423,30772,248,31020
3423,30772,248,31020
3424,30772,248,31020
3424,30772,248,31020
3425,30772,248,31020
3425,30772,248,31020
3426,30772,248,31020
3426,30772,248,31020
3427,30772,248,31020
3427,30772,248,31020
3428,30772,248,31020
3428,30772,248,31020
3429,30772,248,31020
3429,30772,248,31020
3430,30772,248,31020
3430,30772,248,31020
3431,30772,248,31020
3431,30772,248,31020
3432,30772,248,31020
3432,30772,248,31020
3433,30772,248,31020
3433,30772,248,31020
3434,30772,248,31020
3434,30772,248,31020
3435,30772,248,31020
3435,30772,248,31020
3436,30772,248,31020
3436,30772,248,31020
3437,30772,248,31020
3437,30772,248,31020
3438,30772,248,31020
3438,30772,248,31020
3439,30772,248,31020
3439,30772,248,31020
3440,30772,248,31020
3440,30772,248,31020
3441,30772,248,31020
3441,30772,248,31020
3442,30772,248,31020
3442,30772,248,31020
3443,30772,248,31020
3443,30772,248,31020
3444,30772,248,31020
3444,30772,248,31020
3445,30772,248,31020
3446,30772,248,31020
3446,30772,248,31020
3447,30772,248,31020
3447,30772,248,31020
3448,30772,248,31020
3448,30772,248,31020
3449,30772,248,31020
3449,30772,248,31020
3450,30772,248,31020
3450,30772,248,31020
3451,30772,248,31020
3451,30772,248,31020
3452,30772,248,31020
3452,30772,248,31020
3453,30772,248,31020
3453,30772,248,31020
3454,30772,248,31020
3454,30772,248,31020
3455,30772,248,31020
3455,30772,248,31020
3456,30772,248,31020
3456,30772,248,31020
3457,30772,248,31020
3457,30772,248,31020
3458,30772,248,31020
3458,30772,248,31020
3459,30772,248,31020
3459,30772,248,31020
3460,30772,248,31020
3460,30772,248,31020
3461,30772,248,31020
3461,30772,248,31020
3462,30772,248,31020
3462,30772,248,31020
3463,30772,248,31020
3463,30772,248,31020
3464,30772,248,31020
3464,30772,248,31020
3465,30772,248,31020
3465,30772,248,31020
3466,30772,248,31020
3466,30772,248,31020
3467,30772,248,31020
3467,30772,248,31020
3468,30772,248,31020
3468,30772,248,31020
3469,30772,248,31020
3469,30772,248,31020
3470,30772,248,31020
3470,30772,248,31020
3471,30772,248,31020
3471,30772,248,31020
3472,30772,248,31020
3472,30772,248,31020
3473,30772,248,31020
3473,30772,248,31020
3474,30772,248,31020
3474,30772,248,31020
3475,30772,248,31020
3475,30772,248,31020
3476,30772,248,31020
3476,30772,248,31020
3477,30772,248,31020
3477,30772,248,31020
3478,30772,248,31020
3478,30772,248,31020
3479,30772,248,31020
3479,30772,248,31020
3480,30772,248,31020
3480,30772,248,31020
3481,30772,248,31020
3481,30772,248,31020
3482,30772,248,31020
3482,30772,248,31020
3483,30772,248,31020
3484,30772,248,31020
3484,30772,248,31020
3485,30772,248,31020
3485,30772,248,31020
3486,30772,248,31020
3486,30772,248,31020
3487,30772,248,31020
3487,30772,248,31020
3488,30772,248,31020
3488,30772,248,31020
3489,30772,248,31020
3489,30772,248,31020
3490,30772,248,31020
3490,30772,248,31020
3491,30772,248,31020
3491,30772,248,31020
3492,30772,248,31020
3492,30772,248,31020
3493,30772,248,31020
3493,30772,248,31020
3494,30772,248,31020
3494,30772,248,31020
3495,30772,248,31020
3495,30772,248,31020
3496,30772,248,31020
3496,30772,248,31020
3497,30772,248,31020
3497,30772,248,31020
3498,30772,248,31020
3498,30772,248,31020
3499,30772,248,31020
3499,30772,248,31020
3500,30772,248,31020
3500,30772,248,31020
3501,30772,248,31020
3501,30772,248,31020
3502,30772,248,31020
3502,30772,248,31020
3503,30772,248,31020
3503,30772,248,31020
3504,30772,248,31020
3504,30772,248,31020
3505,30772,248,31020
3505,30772,248,31020
3506,30772,248,31020
3506,30772,248,31020
3507,30772,248,31020
3507,30772,248,31020
3508,30772,248,31020
3508,30772,248,31020
3509,30772,248,31020
3509,30772,248,31020
3510,30772,248,31020
3510,30772,248,31020
3511,30772,248,31020
3511,30772,248,31020
3512,30772,248,31020
3512,30772,248,31020
3513,30772,248,31020
3513,30772,248,31020
3514,30772,248,31020
3514,30772,248,31020
3515,30772,248,31020
3515,30772,248,31020
3516,30772,248,31020
3516,30772,248,31020
3517,30772,248,31020
3517,30772,248,31020
3518,30772,248,31020
3518,30772,248,31020
3519,30772,248,31020
3519,30772,248,31020
3520,30772,248,31020
3520,30772,248,31020
3521,30772,248,31020
3522,30772,248,31020
3522,30772,248,31020
3523,30772,248,31020
3523,30772,248,31020
3524,30772,248,31020
3524,30772,248,31020
3525,30772,248,31020
3525,30772,248,31020
3526,30772,248,31020
3526,30772,248,31020
3527,30772,248,31020
3527,30772,248,31020
3528,30772,248,31020
3528,30772,248,31020
3529,30772,248,31020
3529,30772,248,31020
3530,30772,248,31020
3530,30772,248,31020
3531,30772,248,31020
3531,30772,248,31020
3532,30772,248,31020
3532,30772,248,31020
3533,30772,248,31020
3533,30772,248,31020
3534,30772,248,31020
3534,30772,248,31020
3535,30772,248,31020
3535,30772,248,31020
3536,30772,248,31020
3536,30772,248,31020
3537,30772,248,31020
3537,30772,248,31020
3538,30772,248,31020
3538,30772,248,31020
3539,30772,248,31020
3539,30772,248,31020
3540,30772,248,31020
3540,30772,248,31020
3541,30772,248,31020
3541,30772,248,31020
3542,30772,248,31020
3542,30772,248,31020
3543,30772,248,31020
3543,30772,248,31020
3544,30772,248,31020
3544,30772,248,31020
3545,30772,248,31020
3545,30772,248,31020
3546,30772,248,31020
3546,30772,248,31020
3547,30772,248,31020
3547,30772,248,31020
3548,30772,248,31020
3548,30772,248,31020
3549,30772,248,31020
3549,30772,248,31020
3550,30772,248,31020
3550,30772,248,31020
3551,30772,248,31020
3551,30772,248,31020
3552,30772,248,31020
3552,30772,248,31020
3553,30772,248,31020
3553,30772,248,31020
3554,30772,248,31020
3554,30772,248,31020
3555,30772,248,31020
3555,30772,248,31020
3556,30772,248,31020
3556,30772,248,31020
3557,30772,248,31020
3557,30772,248,31020
3558,30772,248,31020
3558,30772,248,31020
3559,30772,248,31020
3560,30772,248,31020
3560,30772,248,31020
3561,30772,248,31020
3561,30772,248,31020
3562,30772,248,31020
3562,30772,248,31020
3563,30772,248,31020
3563,30772,248,31020
3564,30772,248,31020
3564,30772,248,31020
3565,30772,248,31020
3565,30772,248,31020
3566,30772,248,31020
3566,30772,248,31020
3567,30772,248,31020
3567,30772,248,31020
3568,30772,248,31020
3568,30772,248,31020
3569,30772,248,31020
3569,30772,248,31020
3570,30772,248,31020
3570,30772,248,31020
3571,30772,248,31020
3571,30772,248,31020
3572,30772,248,31020
3572,30772,248,31020
3573,30772,248,31020
3573,30772,248,31020
3574,30772,248,31020
3574,30772,248,31020
3575,30772,248,31020
3575,30772,248,31020
3576,30772,248,31020
3576,30772,248,31020
3577,30772,248,31020
3577,30772,248,31020
3578,30772,248,31020
3578,30772,248,31020
3579,30772,248,31020
3579,30772,248,31020
3580,30772,248,31020
3580,30772,248,31020
3581,30772,248,31020
3581,30772,248,31020
3582,30772,248,31020
3582,30772,248,31020
3583,30772,248,31020
3583,30772,248,31020
3584,30772,248,31020
3584,30772,248,31020
3585,30772,248,31020
3585,30772,248,31020
3586,30772,248,31020
3586,30772,248,31020
3587,30772,248,31020
3587,30772,248,31020
3588,30772,248,31020
3588,30772,248,31020
3589,30772,248,31020
3589,30772,248,31020
3590,30772,248,31020
3590,30772,248,31020
3591,30772,248,31020
3591,30772,248,31020
3592,30772,248,31020
3592,30772,248,31020
3593,30772,248,31020
3593,30772,248,31020
3594,30772,248,31020
3594,30772,248,31020
3595,30772,248,31020
3595,30772,248,31020
3596,30772,248,31020
3596,30772,248,31020
3597,30772,248,31020
3598,30772,248,31020
3598,30772,248,31020
3599,30772,248,31020
3599,30772,248,31020
3600,30772,248,31020
3600,30772,248,31020
3601,30772,248,31020
3601,30772,248,31020
3602,30772,248,31020
3602,30772,248,31020
3603,30772,248,31020
3603,30772,248,31020
3604,30772,248,31020
3604,30772,248,31020
3605,30772,248,31020
3605,30772,248,31020
3606,30772,248,31020
3606,30772,248,31020
3607,30772,248,31020
3607,30772,248,31020
3608,30772,248,31020
3608,30772,248,31020
3609,30772,248,31020
3609,30772,248,31020
3610,30772,248,31020
3610,30772,248,31020
3611,30772,248,31020
3611,30772,248,31020
3612,30772,248,31020
3612,30772,248,31020
3613,30772,248,31020
3613,30772,248,31020
3614,30772,248,31020
3614,30772,248,31020
3615,30772,248,31020
3615,30772,248,31020
3616,30772,248,31020
3616,30772,248,31020
3617,30772,248,31020
3617,30772,248,31020
3618,30772,248,31020
3618,30772,248,31020
3619,30772,248,31020
3619,30772,248,31020
3620,30772,248,31020
3620,30772,248,31020
3621,30772,248,31020
3621,30772,248,31020
3622,30772,248,31020
3622,30772,248,31020
3623,30772,248,31020
3623,30772,248,31020
3624,30772,248,31020
3624,30772,248,31020
3625,30772,248,31020
3625,30772,248,31020
3626,30772,248,31020
3626,30772,248,31020
3627,30772,248,31020
3627,30772,248,31020
3628,30772,248,31020
3628,30772,248,31020
3629,30772,248,31020
3629,30772,248,31020
3630,30772,248,31020
3630,30772,248,31020
3631,30772,248,31020
3631,30772,248,31020
3632,30772,248,31020
3632,30772,248,31020
3633,30772,248,31020
3633,30772,248,31020
3634,30772,248,31020
3634,30772,248,31020
3635,30772,248,31020
3636,30772,248,31020
3636,30772,248,31020
3637,30772,248,31020
3637,30772,248,31020
3638,30772,248,31020
3638,30772,248,31020
3639,30772,248,31020
3639,30772,248,31020
3640,30772,248,31020
3640,30772,248,31020
3641,30772,248,31020
3641,30772,248,31020
3642,30772,248,31020
3642,30772,248,31020
3643,30772,248,31020
3643,30772,248,31020
3644,30772,248,31020
3644,30772,248,31020
3645,30772,248,31020
3645,30772,248,31020
3646,30772,248,31020
3646,30772,248,31020
3647,30772,248,31020
3647,30772,248,31020
3648,30772,248,31020
3648,30772,248,31020
3649,30772,248,31020
3649,30772,248,31020
3650,30772,248,31020
3650,30772,248,31020
3651,30772,248,31020
3651,30772,248,31020
3652,30772,248,31020
3652,30772,248,31020
3653,30772,248,31020
3653,30772,248,31020
3654,30772,248,31020
3654,30772,248,31020
3655,30772,248,31020
3655,30772,248,31020
3656,30772,248,31020
3656,30772,248,31020
3657,30772,248,31020
3657,30772,248,31020
3658,30772,248,31020
3658,30772,248,31020
3659,30772,248,31020
3659,30772,248,31020
3660,30772,248,31020
3660,30772,248,31020
3661,30772,248,31020
3661,30772,248,31020
3662,30772,248,31020
3662,30772,248,31020
3663,30772,248,31020
3663,30772,248,31020
3664,30772,248,31020
3664,30772,248,31020
3665,30772,248,31020
3665,30772,248,31020
3666,30772,248,31020
3666,30772,248,31020
3667,30772,248,31020
3667,30772,248,31020
3668,30772,248,31020
3668,30772,248,31020
3669,30772,248,31020
3669,30772,248,31020
